Book Id,Title,Author,Author l-f,Additional Authors,ISBN,ISBN13,My Rating,Publisher,Binding,Number of Pages,Year Published,Original Publication Year,Date Read,Date Added,Bookshelves,Bookshelves with positions,Exclusive Shelf,My Review,Spoiler,Private Notes,Read Count,Owned Copies,Genres
236053062,Girl in love (Italian Edition),Kelly Oram,"Oram, Kelly",Federica D'Ascani,"=""""","=""9791255171591""",0.0,Always Publishing,Kindle Edition,305.0,2025.0,2019.0,2024/03/01,2026/07/16,,,read,,,,1,0,Unknown
230873234,Abroad: Un anno per innamorarsi (Italian Edition),Alessia Merola,"Merola, Alessia",,"=""8892747878""","=""9788892747876""",0.0,Sperling & Kupfer,Kindle Edition,355.0,2025.0,,2025/09/20,2026/07/16,,,read,,,,1,0,Unknown
208913913,Lady Pride and Mister Prejudice,Bianca Marconero,"Marconero, Bianca",,"=""8809929055""","=""9788809929050""",0.0,Giunti,Kindle Edition,564.0,2024.0,2024.0,2025/11/19,2026/07/16,,,read,,,,1,0,Unknown
124986666,Un'estate dopo l'altra. Every Summer After,Carley Fortune,"Fortune, Carley",,"=""""","=""""",0.0,Newton Compton Editori,Kindle Edition,347.0,2023.0,2022.0,2025/11/01,2026/07/16,,,read,,,,1,0,Unknown
218800272,Instant Karma (Italian Edition),Marissa Meyer,"Meyer, Marissa",Maria Carla Dallavalle,"=""8835737443""","=""9788835737445""",0.0,Mondadori,Kindle Edition,518.0,2024.0,2020.0,2026/06/29,2026/06/29,,,read,,,,1,0,Unknown
221196242,Love me love me 4: Ancora insieme (Italian Edition),Stefania S.,"S., Stefania",,"=""8892747096""","=""9788892747098""",0.0,Sperling & Kupfer,Kindle Edition,367.0,2024.0,,2025/02/01,2026/05/30,,,read,,,,1,0,Unknown
204242492,Love Me Love Me 3: Amore senza fine (Italian Edition),Stefania S.,"S., Stefania",,"=""8892745662""","=""9788892745667""",0.0,SPERLING & KUPFER,Kindle Edition,916.0,2024.0,,2024/10/01,2026/05/30,,,read,,,,1,0,Unknown
243615332,"But Santa, I love him",Hazel Riley,"Riley, Hazel",Karim B.,"=""8820083779""","=""9788820083779""",0.0,Sperling & Kupfer,Hardcover,400.0,2025.0,,2025/12/24,2026/05/30,,,read,,,,1,0,Unknown
56843872,"La Corte di fiamme e argento (La corte di rose e spine, #5)",Sarah J. Maas,"Maas, Sarah J.","Claudia Valentini, Elisa Leonzio","=""8804732326""","=""9788804732327""",0.0,Mondadori,Hardcover,720.0,2021.0,2021.0,,2026/05/30,to-read,to-read (#2),to-read,,,,0,0,Unknown
251101737,Tears on my pen drive (Italian Edition),Karim B.,"B., Karim",,"=""8892749722""","=""9788892749726""",0.0,Sperling & Kupfer,Kindle Edition,455.0,2026.0,,,2026/05/30,currently-reading,currently-reading (#3),currently-reading,,,,1,0,Unknown
59781601,"Una corte di spine e rose (Una corte di spine e rose, #1-3.5)",Sarah J. Maas,"Maas, Sarah J.",Lia Desotgiu,"=""8835713951""","=""9788835713951""",0.0,Mondadori,Kindle Edition,2262.0,2021.0,2018.0,2026/05/28,2026/05/30,,,read,,,,1,0,Unknown
247327704,Leggeri come l'aurora,Rita Nardi,"Nardi, Rita",,"=""8811022444""","=""9788811022442""",0.0,Garzanti,ebook,272.0,2026.0,,2026/04/29,2026/04/29,,,read,,,,1,0,Unknown
199139634,Love Me Love Me 2: Anime elettriche (Italian Edition),Stefania S.,"S., Stefania",,"=""8892744992""","=""9788892744998""",0.0,Sperling & Kupfer,Kindle Edition,1082.0,2023.0,,2024/06/01,2026/02/08,,,read,,,,1,0,Unknown
102402606,Cessetto,Silvia Schiavo,"Schiavo, Silvia",,"=""881702127X""","=""9788817021272""",0.0,Rizzoli,Paperback,171.0,2008.0,,2026/01/17,2026/01/18,,,read,,,,1,0,Unknown
237030427,La montagna e i suoi silenzi (Monte San Giovanni) (Italian Edition),Alessandro Seren Rosso,"Rosso, Alessandro Seren",,"=""""","=""9798288318108""",5.0,Independently published,Paperback,167.0,2025.0,,2025/10/18,2026/01/18,,,read,,,,1,0,Unknown
217519465,Omicidio sotto l'albero (Un Detective Con Le Vibrisse) (Italian Edition),Molly Fitz,"Fitz, Molly",Barbara Parutto,"=""""","=""9798336004403""",5.0,Independently published,Paperback,186.0,2024.0,2019.0,,2024/12/26,,,read,,,,2,0,Unknown
179373700,"Meglio che nei film (Better than the Movies, #1)",Lynn Painter,"Painter, Lynn",,"=""""","=""""",0.0,Magazzini Salani,Kindle Edition,342.0,2023.0,2021.0,2024/10/08,2024/11/08,,,read,,,,1,0,Unknown
216166356,L'himalayano corre sul treno (Un Detective Con Le Vibrisse) (Italian Edition),Molly Fitz,"Fitz, Molly",Barbara Parutto,"=""""","=""9798332413391""",5.0,Independently published,Paperback,180.0,2024.0,,2024/09/23,2024/11/08,,,read,,,,1,0,Unknown
36416791,"Il castello errante di Howl. La trilogia (Howl's Moving Castle, #1-3)",Diana Wynne Jones,"Jones, Diana Wynne",,"=""8898002890""","=""9788898002894""",0.0,Kappalab,Paperback,647.0,2017.0,2014.0,2024/08/30,2024/10/09,,,read,,,,1,0,Unknown
9764698,"La Fiamma della Vita (Unika, #1)",E.J. Allibis,"Allibis, E.J.",,"=""8841862114""","=""9788841862117""",0.0,DeAgostini,Hardcover,508.0,2010.0,,2024/08/09,2024/10/09,,,read,,,,1,0,Unknown
3646879,La regina della casa,Sophie Kinsella,"Kinsella, Sophie",Annamaria Raffo,"=""8804563869""","=""9788804563860""",0.0,Mondadori,Paperback,350.0,2007.0,2005.0,2024/09/09,2024/10/09,,,read,,,,1,0,Unknown
59407790,Le scarpe magiche del mio amico Percy,Ulf Stark,"Stark, Ulf","Giorgia Grasso, Laura Cangemi","=""8870919773""","=""9788870919776""",0.0,Iperborea,Paperback,160.0,2021.0,1991.0,2024/09/22,2024/10/09,,,read,,,,1,0,Unknown
77281416,Mezzamela: La bellezza di amarsi alla pari,Matteo Bussola,"Bussola, Matteo",,"=""8831017284""","=""9788831017282""",5.0,Salani,Kindle Edition,144.0,2023.0,,2023/04/29,2023/05/12,,,read,,,,1,0,Unknown
31453220,Chloe la gattina,Lily Small,"Small, Lily",,"=""""","=""9788854159488""",0.0,Newton Compton Editori,Kindle Edition,73.0,2013.0,2013.0,2018/10/22,2019/07/21,,,read,,,,1,0,Unknown
100439681,Il bambino di Itaca,Daniela Morelli,"Morelli, Daniela",,"=""8804612657""","=""9788804612650""",0.0,Mondadori,Paperback,0.0,,,2024/07/08,2024/09/04,,,read,,,,1,0,Unknown
156425520,Stigma,Erin Doom,"Doom, Erin",,"=""""","=""9791259571953""",0.0,Magazzini Salani,Paperback,528.0,2023.0,2023.0,2024/07/29,2024/09/04,,,read,,,,1,0,Unknown
204312506,Il narratore di storie,Rita Nardi,"Nardi, Rita",,"=""8811008190""","=""9788811008194""",0.0,Garzanti,Paperback,480.0,2023.0,,2024/08/12,2024/09/04,,,read,,,,1,0,Unknown
69120283,Il segreto di Nefertiti,Paolo Colombo,"Colombo, Paolo",,"=""8856675579""","=""9788856675573""",0.0,Piemme,Paperback,256.0,2019.0,2011.0,2024/08/05,2024/09/04,,,read,,,,1,0,Unknown
214051836,Lestofante mascherato (Un Detective Con Le Vibrisse #7),Molly Fitz,"Fitz, Molly",Barbara Parutto,"=""""","=""9798327138148""",5.0,Independently published,Paperback,182.0,2024.0,2019.0,2024/07/04,2024/07/21,,,read,,,,1,0,Unknown
211542469,"Chihuahua e complotti (Un Detective Con Le Vibrisse, #6)",Molly Fitz,"Fitz, Molly",Barbara Parutto,"=""""","=""""",5.0,Racconti Miciosi,Kindle Edition,214.0,2024.0,2019.0,2024/07/03,2024/07/21,,,read,,,,1,0,Unknown
13577569,"Lo scontro finale (Percy Jackson e gli Dei dell'Olimpo, #5)",Rick Riordan,"Riordan, Rick",Loredana Baldinucci,"=""8804616679""","=""9788804616672""",0.0,Mondadori,Hardcover,372.0,2012.0,2009.0,2024/06/05,2024/07/21,,,read,,,,1,0,Unknown
13037679,"La battaglia del Labirinto (Percy Jackson e gli Dei dell'Olimpo, #4)",Rick Riordan,"Riordan, Rick",Loredana Baldinucci,"=""8804613416""","=""9788804613411""",0.0,Mondadori,Hardcover,360.0,2011.0,2008.0,2024/05/21,2024/07/21,,,read,,,,1,0,Unknown
11361678,"La maledizione del titano (Percy Jackson e gli Dei dell'Olimpo, #3)",Rick Riordan,"Riordan, Rick",,"=""8804608404""","=""9788804608400""",0.0,Mondadori,Hardcover,312.0,2011.0,2007.0,2024/05/11,2024/07/21,,,read,,,,1,0,Unknown
19250123,Percy Jackson e gli dei dell'Olimpo. Il Mare dei Mostri,Rick Riordan,"Riordan, Rick",Loredana Baldinucci,"=""885201733X""","=""9788852017339""",0.0,Mondadori,Kindle Edition,328.0,2010.0,2006.0,2024/04/21,2024/07/21,,,read,,,,1,0,Unknown
6304022,"La bambina della sesta luna (La Bambina della Sesta Luna, #1)",Moony Witcher,"Witcher, Moony",,"=""8809027175""","=""9788809027176""",0.0,Giunti Junior,Hardcover,289.0,2002.0,2002.0,2024/06/21,2024/07/21,,,read,,,,1,0,Unknown
31569376,Racconti di Hogwarts: Prodezze e passatempi pericolosi,J.K. Rowling,"Rowling, J.K.",,"=""""","=""""",0.0,Pottermore,Kindle Edition,78.0,2016.0,2016.0,2024/07/21,2024/07/21,,,read,,,,1,0,Unknown
201734397,Divini rivali,Rebecca   Ross,"Ross, Rebecca",,"=""""","=""9791259674760""",0.0,Fazi Editore,Paperback,408.0,2023.0,2023.0,2024/06/24,2024/06/24,,,read,,,,1,0,Unknown
9692997,Alba d'inchiostro,Cornelia Funke,"Funke, Cornelia",Roberta Magnaghi,"=""8804596295""","=""9788804596295""",0.0,Mondadori,Paperback,616.0,2010.0,2007.0,2024/06/06,2024/06/18,,,read,,,,1,0,Unknown
58303785,Sulle Ali dell'olimpo. Un Sogno che si Avvera,Kallie George,"George, Kallie",,"=""""","=""""",0.0,Il Castoro,Unknown Binding,,,,2024/05/18,2024/06/18,,,read,,,,1,0,Unknown
42036245,Il ritorno di Achille,Luisa Mattia,"Mattia, Luisa",Rita Petruccioli,"=""8856658372""","=""9788856658378""",0.0,Piemme,Paperback,210.0,2017.0,,2024/04/29,2024/06/18,,,read,,,,1,0,Unknown
57805554,La casa ai confini della magia,Amy Sparkes,"Sparkes, Amy",Mara Pace,"=""8861896405""","=""9788861896406""",0.0,Terre di Mezzo,Hardcover,134.0,2021.0,2021.0,2024/04/18,2024/06/18,,,read,,,,1,0,Unknown
56050102,Il torneo del re del mondo (Maghi Raminghi #1),Pierdomenico Baccalario,"Baccalario, Pierdomenico",,"=""8856673282""","=""9788856673289""",0.0,Piemme,Hardcover,240.0,2019.0,,2024/03/18,2024/06/18,,,read,,,,1,0,Unknown
210312820,S.O.S. Rapimento (Un Detective Con Le Vibrisse #5),Molly Fitz,"Fitz, Molly",Barbara Parutto,"=""""","=""9798320627236""",5.0,Independently published,Paperback,194.0,2024.0,2019.0,2024/05/07,2024/05/08,,,read,,,,1,0,Unknown
170436695,Diario Di Un Papà e Della Figlia Che Lo Allevò,"Marco ""Ciccio"" Cecchini","Cecchini, Marco ""Ciccio""",Luca Garonzi,"=""""","=""9791281377028""",0.0,Cranio Creations,Paperback,144.0,2023.0,,2024/06/06,2024/06/06,,,read,,,,1,0,Unknown
187970826,Winx n. 4 La Magia del Trucco,Iginio Straffi,"Straffi, Iginio",,"=""""","=""""",0.0,Corriere della Sera,Hardcover,96.0,2006.0,,2022/06/03,2024/06/03,,,read,,,,1,0,Unknown
57725048,Racconti illustrati dai balletti,Susanna Davidson,"Davidson, Susanna","Katie Daynes, Megan Cullis, Sarah Courtauld, Yvonne Gilbert Nanos, Marcella Del Bosco","=""""","=""""",5.0,Edizioni Usborne,Hardcover,255.0,2019.0,2018.0,2022/10/03,2022/10/04,,,read,,,,1,0,Unknown
37903048,Il segreto delle fate del lago,Thea Stilton,"Stilton, Thea",Tea Stilton,"=""8856615991""","=""9788856615999""",5.0,Piemme,Hardcover,384.0,2012.0,2012.0,2020/12/28,2021/07/13,,,read,,,,1,0,Unknown
208535165,Farabutti pelosi (Italian Edition),Molly Fitz,"Fitz, Molly",Barbara Parutto,"=""""","=""9798879623949""",5.0,Independently published,Paperback,224.0,2024.0,2019.0,2024/05/05,2024/05/05,,,read,,,,1,0,Unknown
29478625,L'isola dei libri perduti,Annalisa Strada,"Strada, Annalisa",,"=""8866561873""","=""9788866561873""",0.0,Einaudi Ragazzi,Paperback,181.0,2014.0,,2024/04/17,2024/04/18,,,read,,,,1,0,Unknown
179023030,Il palazzo di ghiaccio. Le avventure di Sofia. Magic ballerina,Darcey Bussell,"Bussell, Darcey",L. Fochi,"=""8841874724""","=""9788841874721""",5.0,De Agostini,Paperback,96.0,2012.0,2009.0,2022/12/31,2022/12/31,,,read,,,,1,0,Unknown
196325545,Blue Lock - Episode Nagi T02 (French Edition),Kota Sannomiya,"Sannomiya, Kota",Muneyuki Kaneshiro,"=""2811685081""","=""9782811685089""",0.0,Pika,Kindle Edition,0.0,2023.0,2023.0,2024/03/31,2024/03/31,,,read,,,,1,0,Unknown
157529528,La Giusta [G]attitudine: Manuale per entrare davvero nella mente del gatto,Elena Angeli,"Angeli, Elena",,"=""8858047591""","=""9788858047590""",0.0,Edizioni Gribaudo,Kindle Edition,212.0,2023.0,,2024/04/02,2024/04/02,,,read,,,,1,0,Unknown
19176760,La saga del lupo (Cronache dell'Era Oscura #1),Michelle Paver,"Paver, Michelle","Alessandra Orcese, Geoff Taylor","=""8804610433""","=""9788804610434""",0.0,Mondadori,Paperback,864.0,2011.0,2004.0,2024/03/30,2024/03/31,,,read,,,,1,0,Unknown
123213675,"Ice Guy & Cool Girl, Vol. 1",Miyuki Tonogaya,"Tonogaya, Miyuki",Christine Minutoli,"=""8834918894""","=""9788834918890""",0.0,Edizioni BD - J-Pop,Paperback,192.0,2023.0,2018.0,2024/03/31,2024/03/31,,,read,,,,1,0,Unknown
60428555,"My Dress-Up Darling. Bisque Doll, Vol. 2",Shinichi Fukuda,"Fukuda, Shinichi",,"=""8834909038""","=""9788834909034""",0.0,Edizioni BD - J-Pop,Paperback,192.0,2022.0,2018.0,2024/03/31,2024/03/31,,,read,,,,1,0,Unknown
60226646,"My Dress-Up Darling. Bisque Doll, Vol. 1",Shinichi Fukuda,"Fukuda, Shinichi",,"=""8834908775""","=""9788834908778""",0.0,Edizioni BD - J-Pop,Paperback,200.0,2022.0,2018.0,2023/12/31,2024/03/31,,,read,,,,1,0,Unknown
196599271,Il reame perduto. Cronache del Regno della Fantasia,Geronimo Stilton,"Stilton, Geronimo",,"=""8838474001""","=""9788838474002""",3.0,Piemme,Hardcover,351.0,2008.0,2009.0,2023/08/21,2023/09/01,,,read,,,,1,0,Unknown
56411510,Fabbricante di lacrime,Erin Doom,"Doom, Erin",,"=""""","=""9798576496167""",0.0,Independently published,Paperback,608.0,2020.0,2020.0,2024/01/23,2024/03/06,,,read,,,,1,0,Unknown
61266317,L'estate nei tuoi occhi,Jenny Han,"Han, Jenny",Annalisa Biasci,"=""8831808532""","=""9788831808538""",0.0,BUR,Kindle Edition,232.0,2022.0,2009.0,2024/03/04,2024/03/06,,,read,,,,1,0,Unknown
39965972,"Tua per sempre, Lara Jean",Jenny Han,"Han, Jenny",,"=""8856663880""","=""9788856663884""",0.0,Piemme,Hardcover,335.0,2018.0,2017.0,2024/02/04,2024/02/22,,,read,,,,1,0,Unknown
62877278,La società segreta degli animali magici,Luke Gamble,"Gamble, Luke",Silvia Cavenaghi,"=""8811005124""","=""9788811005124""",0.0,Garzanti Libri,Hardcover,384.0,2022.0,2021.0,2024/01/22,2024/02/22,,,read,,,,1,0,Unknown
33876465,"Animali fantastici e dove trovarli. Screenplay originale (Fantastic Beasts: The Original Screenplay, #1)",J.K. Rowling,"Rowling, J.K.",Silvia Piraccini,"=""8869189848""","=""9788869189845""",5.0,Salani,Hardcover,278.0,2017.0,2016.0,2023/10/04,2023/10/05,,,read,,,,1,0,Unknown
39330961,"Fantastic Beasts: The Crimes of Grindelwald: The Original Screenplay (Fantastic Beasts: The Original Screenplay, #2)",J.K. Rowling,"Rowling, J.K.",,"=""1781102341""","=""9781781102343""",5.0,Pottermore Publishing,Kindle Edition,304.0,2018.0,2018.0,2023/10/05,2023/10/05,,,read,,,,1,0,Unknown
123596769,Guide des félins du monde,Francesco Tomasinelli,"Tomasinelli, Francesco",Shishi Nguyen,"=""""","=""""",5.0,nuinui jeunesse,Unknown Binding,320.0,2022.0,,2023/11/18,2024/01/23,,,read,,,,1,0,Unknown
32612979,Le lame di Myra,Licia Troisi,"Troisi, Licia",,"=""8804665165""","=""9788804665168""",5.0,Mondadori,Hardcover,384.0,2016.0,2016.0,2023/12/01,2024/02/01,,,read,,,,1,0,Unknown
199259311,It's all love. Riflessioni per il cuore e l'anima,Jenna Ortega,"Ortega, Jenna",Marco Astolfi,"=""8809936612""","=""9788809936614""",5.0,Giunti,Hardcover,288.0,2023.0,2021.0,2023/12/03,2023/12/28,,,read,,,,1,0,Unknown
39860123,"To All the Boys I've Loved Before (To All the Boys I've Loved Before, #1)",Jenny Han,"Han, Jenny",,"=""1534438378""","=""9781534438378""",5.0,Simon & Schuster Books for Young Readers,Paperback,355.0,2018.0,2014.0,2023/12/17,2024/02/01,,,read,,,,1,0,Unknown
9696358,Ho toccato il fondo!: Tutte le confessioni di Georgia Nicolson e del suo gatto,Louise Rennison,"Rennison, Louise",,"=""8804530510""","=""9788804530510""",5.0,Mondadori,Paperback,709.0,2004.0,2003.0,2023/12/20,2023/12/22,,,read,,,,1,0,Unknown
26594226,"Ama me! No, me!: Lacrime, lettere e litigi di 2 ragazze innamorate",Rosie Rushton,"Rushton, Rosie","Nina Schindler, Paolo Canton, Giovanna Zoboli","=""8804494875""","=""9788804494874""",5.0,Mondadori,Paperback,197.0,2001.0,2000.0,2023/12/22,2023/12/23,,,read,,,,1,0,Unknown
199281511,La gioia di danzare,Nicoletta Manni,"Manni, Nicoletta",,"=""8811010691""","=""9788811010692""",5.0,Garzanti,Hardcover,208.0,2023.0,2023.0,2023/12/25,2023/12/27,,,read,,,,1,0,Unknown
52221119,Un Romeo per due Giuliette (Scuola di danza #8),Aurora Marsotto,"Marsotto, Aurora",Donata Pizzato,"=""8856611627""","=""9788856611625""",5.0,Piemme,Paperback,128.0,2010.0,2010.0,2023/12/25,2023/12/27,,,read,,,,1,0,Unknown
53493214,Passo d'addio (Scuola di danza #10),Aurora Marsotto,"Marsotto, Aurora",Donata Pizzato,"=""8856611643""","=""9788856611649""",5.0,Piemme,Paperback,136.0,2010.0,2010.0,2023/12/26,2023/12/27,,,read,,,,1,0,Unknown
53493312,"Ciak, si danza!",Aurora Marsotto,"Marsotto, Aurora",,"=""8856630109""","=""9788856630107""",5.0,Piemme,Paperback,240.0,2013.0,2013.0,2023/12/27,2023/12/27,,,read,,,,1,0,Unknown
43367981,Io e Fata Mammetta - 2. Aspirante Fata (Italian Edition),Sophie Kinsella,"Kinsella, Sophie",Valeria Ravera,"=""8852090118""","=""9788852090110""",5.0,MONDADORI,Kindle Edition,168.0,2018.0,2018.0,2024/01/03,2024/01/17,,,read,,,,1,0,Unknown
61271024,Jane Eyre di Charlotte Brontë,Thea Stilton,"Stilton, Thea","Elisabetta Dami, Charlotte Brontë, Tea Stilton","=""8856678306""","=""9788856678307""",5.0,Mondadori Libri S.p.A.,Hardcover,219.0,2021.0,,2024/01/06,2024/01/17,,,read,,,,1,0,Unknown
137156928,Best friends forever,Sarah Mlynowski,"Mlynowski, Sarah",Alessandra Petrelli,"=""8856689111""","=""9788856689112""",5.0,Piemme,Hardcover,192.0,2023.0,2022.0,2024/01/06,2024/01/11,,,read,,,,1,0,Unknown
61074528,Collisione (Better #1),Carrie Leighton,"Leighton, Carrie",,"=""""","=""9791259572059""",5.0,Salani,Kindle Edition,480.0,2022.0,2022.0,2024/01/08,2024/02/01,,,read,,,,1,0,Unknown
146936489,Cuori magnetici (Love me love me #1),Stefania S.,"S., Stefania",,"=""8855441841""","=""9788855441841""",5.0,Sperling & Kupfer,Paperback,816.0,2023.0,2023.0,2024/01/28,2024/02/01,,,read,,,,1,0,Unknown
82369111,Dannazione (Better #2),Carrie Leighton,"Leighton, Carrie",,"=""""","=""9791259572967""",5.0,Magazzini Salani ,Kindle Edition,488.0,2023.0,2021.0,2024/01/28,2024/01/30,,,read,,,,1,0,Unknown
202705372,"L'ultima battaglia di Merlino (Le avventure magiche di Merlino, #3)",Molly Fitz,"Fitz, Molly",Barbara Parutto,"=""""","=""9798869593221""",5.0,Independently published,Paperback,228.0,2023.0,2021.0,2023/12/25,2023/12/25,,,read,,,,1,0,Unknown
25112230,Tutti al concorso!,Aurora Marsotto,"Marsotto, Aurora",,"=""""","=""""",5.0,EDIZIONI PIEMME,Kindle Edition,86.0,2015.0,2009.0,2022/02/21,2022/03/21,,,read,,,,2,0,Unknown
52221128,"Musical, che passione! (Scuola di danza #7)",Aurora Marsotto,"Marsotto, Aurora",Donata Pizzato,"=""8856611619""","=""9788856611618""",5.0,Piemme,Paperback,128.0,2010.0,2010.0,2022/03/02,2022/03/21,,,read,,,,3,0,Unknown
24086010,Il ritratto misterioso,Aurora Marsotto,"Marsotto, Aurora",,"=""""","=""""",5.0,Piemme,Kindle Edition,133.0,2010.0,2009.0,2021/05/23,2021/05/24,,,read,,,,2,0,Unknown
44173020,SOS esami in arrivo! (Scuola di danza #9),Aurora Marsotto,"Marsotto, Aurora",Donata Pizzato,"=""8856611635""","=""9788856611632""",5.0,Piemme,Hardcover,127.0,2010.0,2010.0,2022/03/24,2022/03/21,,,read,,,,2,0,Unknown
199486901,Merlino sconfigge un fantasma (Le avventure magiche di Merlino Vol. 2) (Italian Edition),Molly Fitz,"Fitz, Molly",,"=""""","=""""",5.0,Racconti Miciosi,Kindle Edition,228.0,2023.0,2021.0,2023/11/01,2023/11/11,,,read,,,,1,0,Unknown
6751761,Cronache del mondo emerso: La trilogia completa,Licia Troisi,"Troisi, Licia",,"=""8804561130""","=""9788804561132""",5.0,Arnoldo Mondadori,Paperback,1291.0,2006.0,2006.0,2023/09/08,2023/09/08,,,read,,,,3,0,Unknown
49917706,Storie di Gattini,María Vago,"Vago, María",,"=""8859914353""","=""9788859914358""",5.0,Larus,Paperback,44.0,2008.0,,2019/02/01,2019/09/29,,,read,,,,1,0,Unknown
44653916,La Casa delle Sirene (Il Regno Segreto #4),Rosie Banks,"Banks, Rosie",C. Pirovano,"=""8854156175""","=""9788854156173""",5.0,Newton Compton,Mass Market Paperback,121.0,2013.0,,2019/04/02,2019/07/21,,,read,,,,1,0,Unknown
44768642,La Montagna Magica (Il Regno Segreto #5),Rosie Banks,"Banks, Rosie",C. Pirovano,"=""8854156183""","=""9788854156180""",5.0,Newton Compton,Mass Market Paperback,121.0,2013.0,,2019/04/03,2019/07/21,,,read,,,,1,0,Unknown
45004958,La Spiaggia Fantastica (Il Regno Segreto #6),Rosie Banks,"Banks, Rosie",C. Pirovano,"=""8854156191""","=""9788854156197""",5.0,Newton Compton,Mass Market Paperback,117.0,2013.0,,2019/04/22,2019/07/21,,,read,,,,1,0,Unknown
46017964,Il regno degli unicorni,Linda Chapman,"Chapman, Linda",,"=""884772791X""","=""9788847727915""",5.0,EL,Paperback,0.0,2011.0,,2019/05/20,2019/07/21,,,read,,,,1,0,Unknown
46126461,Criceti in fuga - La valle delle primule rosse,Alex Fielding,"Fielding, Alex","Maria Teresa Milano, Helge Vogt","=""8871068602""","=""9788871068602""",5.0,Sonda,Hardcover,160.0,2017.0,,2019/06/06,2019/07/21,,,read,,,,1,0,Unknown
49903151,Melowy 1. Il sogno si avvera,Danielle Star,"Star, Danielle",,"=""8891519839""","=""9788891519832""",5.0,Fabbri Editori,Hardcover,105.0,2016.0,,2019/06/28,2019/07/21,,,read,,,,1,0,Unknown
31694245,Trilli e il talento perduto. Fairies. Il mondo segreto di Trilli,Kiki Thorpe,"Thorpe, Kiki","J. Holmes Clarke, Angela Ragusa","=""8852204679""","=""9788852204678""",5.0,Disney Libri,Paperback,122.0,2006.0,2005.0,2019/07/09,2019/07/21,,,read,,,,1,0,Unknown
38339368,"Pimpa, il pesce nonno e le stelle",Francesco Tullio Altan,"Altan, Francesco Tullio",,"=""8876867147""","=""9788876867149""",5.0,Franco Cosimo Panini,Hardcover,48.0,1996.0,,2019/09/09,2019/09/10,,,read,,,,1,0,Unknown
60422746,Sulle ali dell'Olimpo. Una sfida tra le nuvole,Kallie George,"George, Kallie",,"=""""","=""""",5.0,Il Castoro,Unknown Binding,,,,2023/10/14,2023/10/19,,,read,,,,1,0,Unknown
17984115,Un cuore XXL,Sara D'Amario,"D'Amario, Sara",,"=""8834722698""","=""9788834722695""",1.0,Fanucci,Paperback,304.0,2013.0,2013.0,,2023/10/15,schifezze-libri-abbandonati,schifezze-libri-abbandonati (#1),schifezze-libri-abbandonati,,,,0,0,Unknown
38331385,Pimpa e la Pimpa gemella,Francesco Tullio Altan,"Altan, Francesco Tullio",,"=""888290055X""","=""9788882900557""",5.0,Franco Cosimo Panini,Paperback,48.0,1999.0,,2019/09/09,2019/09/10,,,read,,,,1,0,Unknown
53097831,Pimpa e il cavallino volante,Francesco Tullio Altan,"Altan, Francesco Tullio",,"=""8876867163""","=""9788876867163""",5.0,Franco Cosimo Panini,Mass Market Paperback,48.0,1996.0,,2019/09/10,2019/09/11,,,read,,,,1,0,Unknown
51819804,"Stella, la fata del Natale",Daisy Meadows,"Meadows, Daisy",C. Conti,"=""8804550570""","=""9788804550570""",5.0,Mondadori,Mass Market Paperback,151.0,2005.0,2003.0,2019/09/16,2019/09/16,,,read,,,,1,0,Unknown
52524600,Filastrocche e raccontini,Various,"Various, Various",,"=""8861772617""","=""9788861772618""",5.0,Mondadori,Board book,128.0,2013.0,,2019/10/01,2020/03/20,,,read,,,,1,0,Unknown
48582256,La notte magica di Musa,Gabriella Santini,"Santini, Gabriella",Iginio Straffi,"=""8845142795""","=""9788845142796""",5.0,Fabbri,Paperback,215.0,2007.0,,2019/10/24,2019/10/26,,,read,,,,1,0,Unknown
50247287,Le fiabe degli animali,Jean de la Fontaine,"Fontaine, Jean de la",,"=""8841522216""","=""9788841522219""",5.0,De Agostini Ragazzi,Mass Market Paperback,128.0,1999.0,,2019/12/18,2020/01/02,,,read,,,,1,0,Unknown
31695796,Incantesimo d'inverno. Il mio unicorno magico,Linda Chapman,"Chapman, Linda",,"=""8847721784""","=""9788847721784""",5.0,EL,Paperback,126.0,2008.0,2004.0,2019/12/24,2020/01/15,,,read,,,,1,0,Unknown
50260424,Volando in alto & La casa stregata (Il mio unicorno magico),Linda Chapman,"Chapman, Linda",L. Feoli,"=""8847726808""","=""9788847726802""",5.0,Edizioni EL,Mass Market Paperback,180.0,2010.0,2005.0,2020/01/02,2020/01/03,,,read,,,,1,0,Unknown
50396660,La mia prima avventura: Il tesoro di Atlantide,Various,"Various, Various",,"=""889495708X""","=""9788894957082""",5.0,DV Giochi,Paperback,28.0,2019.0,,2020/01/03,2020/01/11,,,read,,,,1,0,Unknown
50423102,L'ultimo incantesimo (Il mio unicorno magico),Linda Chapman,"Chapman, Linda",L. Feoli,"=""8847725283""","=""9788847725287""",5.0,Edizioni EL,Mass Market Paperback,129.0,2009.0,2007.0,2020/01/12,2020/01/13,,,read,,,,1,0,Unknown
50632413,Magia fra le stelle (Il mio unicorno magico),Linda Chapman,"Chapman, Linda",L. Feoli,"=""8847723558""","=""9788847723559""",5.0,Edizioni EL,Mass Market Paperback,124.0,2008.0,2007.0,2020/01/21,2020/01/23,,,read,,,,1,0,Unknown
50650493,Le fatine scintillanti. La fatina dei dentini,Various,"Various, Various",,"=""""","=""9788875485474""",4.0,La Coccinella,Board book,6.0,2010.0,,2020/01/24,2020/01/25,,,read,,,,1,0,Unknown
50650417,Le fatine scintillanti. La fata dei fiori,Various,"Various, Various",,"=""8875485496""","=""""",4.0,La Coccinella,Board book,6.0,2010.0,,2020/01/24,2020/01/25,,,read,,,,1,0,Unknown
22719510,Volley Star,Luca Azzolini,"Azzolini, Luca",Donata Pizzato,"=""885663547X""","=""9788856635478""",5.0,Piemme,Paperback,263.0,2014.0,2014.0,2020/03/12,2020/02/23,,,read,,,,1,0,Unknown
44155099,Frozen: I Capolavori,Walt Disney Company,"Company, Walt Disney",,"=""""","=""""",5.0,Giunti,Paperback,96.0,2019.0,,2020/03/13,2020/03/14,,,read,,,,1,0,Unknown
52766637,Un tesoro di cavallo,Thea Stilton,"Stilton, Thea",Tea Stilton,"=""8856645998""","=""9788856645996""",5.0,Piemme,Paperback,128.0,2015.0,2015.0,2020/03/19,2020/03/14,,,read,,,,1,0,Unknown
16151179,Storia di un gatto e del topo che diventò suo amico,Luis Sepúlveda,"Sepúlveda, Luis","Ilide Carmignani, Simona Mulazzani","=""8823503337""","=""9788823503335""",5.0,Guanda,Paperback,86.0,2012.0,2009.0,2020/04/13,2022/10/02,,,read,,,,1,0,Unknown
39330226,Io e Fata Mammetta (Italian Edition),Sophie Kinsella,"Kinsella, Sophie",Stefania Bertola,"=""8852086358""","=""9788852086359""",5.0,MONDADORI,Kindle Edition,172.0,2018.0,2018.0,2020/04/26,2020/04/24,,,read,,,,1,0,Unknown
44563168,La Valle degli Unicorni (Il Regno Segreto #2),Rosie Banks,"Banks, Rosie",C. Pirovano,"=""""","=""""",5.0,Newton Compton,Mass Market Paperback,121.0,2013.0,2013.0,2019/03/24,2019/07/21,,,read,,,,2,0,Unknown
49871344,Le Storie delle Fate,Mariagrazia Bertarini,"Bertarini, Mariagrazia",Silvia D'Achille,"=""880985862X""","=""9788809858626""",5.0,Dami Editore,Hardcover,256.0,2017.0,,2019/05/24,2019/07/21,,,read,,,,2,0,Unknown
1648132,Storia di una gabbianella e del gatto che le insegnò a volare,Luis Sepúlveda,"Sepúlveda, Luis","Ilide Carmignani, Simona Mulazzani","=""887782512X""","=""9788877825124""",5.0,Salani,Paperback,127.0,1996.0,1996.0,2020/05/05,2020/05/02,,,read,,,,1,0,Unknown
46138830,Io e Fata Mammetta - 3. Magie e unicorni (Italian Edition),Sophie Kinsella,"Kinsella, Sophie",Valeria Ravera,"=""8852093877""","=""9788852093876""",5.0,MONDADORI,Kindle Edition,168.0,2019.0,2019.0,2020/05/09,2020/05/10,,,read,,,,1,0,Unknown
42973587,La vita segreta di un unicorno,Corinne Mantineo,"Mantineo, Corinne",,"=""889367498X""","=""9788893674980""",5.0,Magazzini Salani,Paperback,206.0,2018.0,,2020/05/21,2020/05/18,,,read,,,,1,0,Unknown
29065805,"Danza, che passione! (Tre stelle sul ghiaccio #5)",Mathilde Bonetti,"Bonetti, Mathilde",Emilio Grasso,"=""8856616068""","=""9788856616064""",5.0,Piemme,Paperback,154.0,2011.0,2011.0,2020/06/29,2020/06/25,,,read,,,,1,0,Unknown
30348463,Melowy - Il canto della luna,Danielle Star,"Star, Danielle",,"=""8891519804""","=""9788891519801""",5.0,Fabbri Editori,Hardcover,93.0,2016.0,,2020/07/07,2020/07/11,,,read,,,,1,0,Unknown
43623540,Il libro segreto. Melowy,Danielle Star,"Star, Danielle",,"=""8891521817""","=""9788891521811""",5.0,Fabbri,Hardcover,105.0,2016.0,,2020/07/11,2020/07/11,,,read,,,,1,0,Unknown
54858712,Amiche per sempre. Winx,Various,"Various, Various",,"=""8891239216""","=""9788891239211""",5.0,Panini Comics,Hardcover,80.0,2018.0,,2020/07/17,2020/08/08,,,read,,,,1,0,Unknown
36587378,Enciclopedia del gatto : guida alla conoscenza e alla cura del più piccolo e affascinante dei felini,Paola Groppo,"Groppo, Paola",,"=""8895870654""","=""9788895870656""",5.0,Dix,Hardcover,253.0,2012.0,,2020/07/25,2020/04/30,,,read,,,,1,0,Unknown
43243740,Attenti al cane!,Michael Rosen,"Rosen, Michael","Tony Ross, D. Gamba","=""8807922878""","=""9788807922879""",5.0,Feltrinelli,Paperback,0.0,2017.0,2014.0,2020/08/08,2020/08/08,,,read,Letto da sola a mamma,,,1,0,Unknown
28053220,Tre amiche per tre paia di pattini,Mathilde Bonetti,"Bonetti, Mathilde",Antonello Dalena,"=""8856618273""","=""9788856618273""",5.0,Piemme (Il Battello a Vapore),Hardcover,151.0,2010.0,2010.0,2020/09/21,2020/09/11,,,read,,,,1,0,Unknown
43418937,Il leprotto della luna,Sue Monroe,"Monroe, Sue",,"=""8807921863""","=""9788807921865""",5.0,Feltrinelli,Paperback,125.0,2012.0,2012.0,2020/10/12,2020/10/14,,,read,,,,1,0,Unknown
53517353,Le Fantafiabe di Luì e Sofì,Me contro Te,"Te, Me contro",,"=""8851080305""","=""9788851080303""",4.0,Mondadori Electa,Kindle Edition,173.0,2020.0,2019.0,2021/01/24,2021/05/24,,,read,,,,1,0,Unknown
37825505,The Secret Book (Melowy #6) (6),Danielle Star,"Star, Danielle",,"=""1338281712""","=""9781338281712""",5.0,Scholastic Paperbacks,Paperback,96.0,2018.0,,2021/02/25,2021/05/29,,,read,,,,1,0,Unknown
19231208,Scuola di danza 1: Un sogno sulle punte,Aurora Marsotto,"Marsotto, Aurora",Donata Pizzato,"=""8858500350""","=""""",5.0,Piemme,Kindle Edition,132.0,2010.0,2008.0,2021/04/07,2021/05/24,,,read,,,,1,0,Unknown
55948987,Le Fantafiabe di Luì e Sofì 2,Me contro Te,"Te, Me contro",,"=""8851080615""","=""9788851080617""",4.0,Mondadori Electa,Kindle Edition,172.0,2020.0,,2021/04/11,2021/05/24,,,read,,,,1,0,Unknown
49913446,Una nuova stella,Aurora Marsotto,"Marsotto, Aurora",,"=""8856654490""","=""9788856654493""",5.0,Piemme,Paperback,0.0,2016.0,2008.0,2021/04/24,2021/05/24,,,read,,,,1,0,Unknown
25678477,La notte del Gran Galà (Il battello a vapore. Scuola di danza Vol. 3),Aurora Marsotto,"Marsotto, Aurora",,"=""""","=""""",5.0,EDIZIONI PIEMME,Kindle Edition,138.0,2010.0,2008.0,2021/05/02,2021/05/29,,,read,,,,1,0,Unknown
57770497,Luì e Sofì: La nostra storia,Me contro Te,"Te, Me contro",,"=""8891831360""","=""9788891831361""",4.0,Mondadori Electa,Paperback,160.0,2021.0,2021.0,2021/05/19,2021/05/24,,,read,,,,1,0,Unknown
23308056,Misión flamenco (Tea Stilton #16),Thea Stilton,"Stilton, Thea","Miguel García, Tea Stilton","=""8408134310""","=""9788408134312""",5.0,Destino Infantil & Juvenil,Kindle Edition,229.0,2014.0,2013.0,2021/05/29,2021/05/29,,,read,,,,1,0,Unknown
29065843,Emozioni in trasferta,Mathilde Bonetti,"Bonetti, Mathilde",Alice Rossi,"=""8856616076""","=""9788856616071""",5.0,Piemme,Paperback,151.0,2011.0,2011.0,2021/06/08,2021/05/24,,,read,,,,1,0,Unknown
40107341,Il segreto delle fate degli oceani,Thea Stilton,"Stilton, Thea","Tea Stilton, Elisabetta Dami","=""8856641305""","=""9788856641301""",5.0,Piemme,Hardcover,384.0,2015.0,2015.0,2021/06/25,2021/05/29,,,read,,,,1,0,Unknown
33476500,Il Segreto delle Fate delle Nuvole,Thea Stilton,"Stilton, Thea","Tea Stilton, Elisabetta Dami","=""8856635097""","=""9788856635096""",5.0,Piemme,Hardcover,320.0,2014.0,2014.0,2021/07/13,2021/07/13,,,read,,,,1,0,Unknown
30899320,Melowy - Il giorno della felicità,Danielle Star,"Star, Danielle",,"=""8891521809""","=""9788891521804""",5.0,Fabbri Editori,Hardcover,103.0,2016.0,,2021/07/17,2021/07/13,,,read,,,,1,0,Unknown
58655639,Nel regno delle sirene. Un mondo magico in fondo al mare!,Claire Howcock,"Howcock, Claire",R. Stropeni,"=""8847442966""","=""9788847442962""",5.0,Edicart,Hardcover,24.0,2010.0,,2021/07/29,2021/07/29,,,read,,,,1,0,Unknown
23683382,Strega delle maree,Thea Stilton,"Stilton, Thea",,"=""885662368""","=""9788856623680""",5.0,Piemme,Hardcover,280.0,2012.0,2012.0,2021/07/29,2021/07/13,,,read,,,,1,0,Unknown
57945873,Il magico mondo degli unicorni. Segreti e leggende,Selwyn E. Phipps,"Phipps, Selwyn E.",,"=""8858025636""","=""9788858025635""",5.0,Edizioni Gribaudo,Paperback,,2020.0,,2021/08/13,2021/08/13,,,read,,,,1,0,Unknown
23683750,La regina del sonno,Thea Stilton,"Stilton, Thea",Tea Stilton,"=""8856616572""","=""9788856616576""",5.0,Piemme,Hardcover,280.0,2011.0,2011.0,2021/08/29,2021/07/30,,,read,,,,1,0,Unknown
39778545,Strega delle fiamme (Principesse del regno della fantasia),Thea Stilton,"Stilton, Thea","S. Bigolin, Tea Stilton","=""8856623889""","=""9788856623888""",5.0,Piemme,Hardcover,0.0,2012.0,2012.0,2021/09/28,2021/10/09,,,read,,,,1,0,Unknown
52766649,Il progetto super segreto,Thea Stilton,"Stilton, Thea",Tea Stilton,"=""8856645920""","=""9788856645927""",5.0,Piemme,Paperback,0.0,2015.0,2010.0,2021/11/12,2021/10/09,,,read,,,,1,0,Unknown
59650561,Play Press presenta Barbapapà Story,Various,"Various, Various",,"=""""","=""""",3.0,Play Press,Hardcover,48.0,2011.0,,2021/11/18,2021/11/18,,,read,,,,1,0,Unknown
71091,Il piccolo principe,Antoine de Saint-Exupéry,"Saint-Exupéry, Antoine de","Nico Orengo, Nini Bompiani Bregoli","=""""","=""""",4.0,Bompiani,Paperback,125.0,1994.0,1943.0,2021/11/23,2022/10/23,,,read,,,,1,0,Unknown
60049374,Oh! Ho visto un gatto!,Janna Carioli,"Carioli, Janna",,"=""8882227103""","=""9788882227104""",5.0,Fatatrac,Hardcover,32.0,2021.0,,2022/01/06,2022/01/06,,,read,,,,1,0,Unknown
13601790,Gli affari del signor Gatto,Gianni Rodari,"Rodari, Gianni",Elena Temporin,"=""8879269798""","=""9788879269797""",5.0,Einaudi Ragazzi,Paperback,88.0,2012.0,1972.0,2022/01/17,2022/01/25,,,read,,,,1,0,Unknown
60128325,"Un cavallo coraggioso (Tilly's Pony Tails, #8)",Pippa Funnell,"Funnell, Pippa",L. Feoli,"=""884772807X""","=""9788847728073""",5.0,Edizioni Elle,Mass Market Paperback,119.0,2011.0,2010.0,2022/01/23,2022/01/14,,,read,,,,1,0,Unknown
11173432,Il gufo che aveva paura del buio,Jill Tomlinson,"Tomlinson, Jill","Anna Laura Cantone, Michele Piumini","=""8807920751""","=""9788807920752""",5.0,Feltrinelli,Paperback,94.0,2009.0,1968.0,2022/01/29,2022/01/25,,,read,,,,1,0,Unknown
52221174,Gita a passo di danza (Scuola di danza #4),Aurora Marsotto,"Marsotto, Aurora",Donata Pizzato,"=""8856603187""","=""9788856603187""",5.0,Piemme,Paperback,160.0,2009.0,2009.0,2022/02/15,2022/02/10,,,read,,,,1,0,Unknown
43476980,Lucy Lunghibaffi è scomparsa,Daisy Meadows,"Meadows, Daisy",S. Marconi,"=""8869185508""","=""9788869185502""",5.0,Salani,Paperback,104.0,2017.0,2014.0,2019/01/23,2019/07/21,,,read,,,,2,0,Unknown
43388820,Molly Codastella scappa via,Daisy Meadows,"Meadows, Daisy",,"=""8869185524""","=""9788869185526""",5.0,Salani,Paperback,104.0,2017.0,2014.0,2022/03/17,2022/03/21,,,read,,,,2,0,Unknown
35504384,Ellie Piumabecco sola soletta,Daisy Meadows,"Meadows, Daisy",,"=""8893812967""","=""9788893812962""",5.0,Salani Editore,Kindle Edition,68.0,2017.0,2014.0,2018/12/29,2019/07/21,,,read,,,,2,0,Unknown
42959063,Sophie Codamorbida e il piano coraggioso,Daisy Meadows,"Meadows, Daisy",S. Marconi,"=""8893812630""","=""9788893812634""",5.0,Salani,Paperback,103.0,2017.0,2015.0,2018/10/02,2019/07/21,,,read,,,,2,0,Unknown
52765941,Cinque cuccioli da salvare,Thea Stilton,"Stilton, Thea",Tea Stilton,"=""8856646048""","=""9788856646047""",5.0,Piemme,Paperback,128.0,2015.0,,2022/04/14,2022/09/25,,,read,,,,1,0,Unknown
36096124,Rosie Risoallegro e il giorno fortunato,Daisy Meadows,"Meadows, Daisy",,"=""8893813629""","=""9788893813624""",5.0,Salani Editore,Kindle Edition,69.0,2017.0,2015.0,2018/10/18,2019/07/21,,,read,,,,3,0,Unknown
49106538,Principessa del deserto (Principesse del regno della fantasia),Thea Stilton,"Stilton, Thea",Tea Stilton,"=""8856612771""","=""9788856612776""",5.0,Piemme,Hardcover,270.0,2010.0,2010.0,2022/05/07,2022/04/23,,,read,,,,1,0,Unknown
12860404,Il vascello fantasma,Thea Stilton,"Stilton, Thea",Tea Stilton,"=""883843817X""","=""9788838438172""",5.0,Piemme,Hardcover,235.0,2007.0,2007.0,2022/05/14,2022/04/23,,,read,,,,1,0,Unknown
50177653,La forza dell'amicizia. Melowy,Danielle Star,"Star, Danielle",,"=""8891521825""","=""9788891521828""",5.0,Fabbri,Hardcover,,2016.0,,2022/05/15,2021/07/13,,,read,,,,1,0,Unknown
61177451,Ciak si gira a Topford!,Thea Stilton,"Stilton, Thea",Tea Stilton,"=""8856651750""","=""9788856651751""",5.0,Piemme,Paperback,128.0,2016.0,,2022/05/24,2022/05/27,,,read,,,,1,0,Unknown
52719208,Sulle tracce del tulipano nero,Thea Stilton,"Stilton, Thea",Tea Stilton,"=""8856630052""","=""9788856630053""",5.0,Piemme,Hardcover,180.0,,2014.0,2022/07/18,2022/09/04,,,read,,,,1,0,Unknown
20630995,"A un passo da te. Ao haru ride, Vol. 1",Io Sakisaka,"Sakisaka, Io","Laura Giordano, Alessia Trombetta","=""""","=""""",5.0,Panini Comics - Planet Manga,Paperback,184.0,2013.0,2011.0,2023/06/09,2023/09/24,,,read,,,,1,0,Unknown
20631002,"A un passo da te: Ao haru ride, Vol. 2",Io Sakisaka,"Sakisaka, Io","Laura Giordano, Alessia Trombetta","=""""","=""""",5.0,Panini Comics - Planet Manga,Paperback,184.0,2013.0,2011.0,2023/06/20,2023/09/24,,,read,,,,1,0,Unknown
57285712,Il segreto del castello scozzese (Thea Stilton #10),Thea Stilton,"Stilton, Thea",Tea Stilton,"=""8856602113""","=""9788856602111""",5.0,Piemme,Hardcover,181.0,2009.0,2009.0,2021/11/19,2021/11/12,,,read,,,,2,0,Unknown
102961294,Operazione Gran Ballo,Thea Stilton,"Stilton, Thea",Tea Stilton,"=""885664908X""","=""9788856649086""",5.0,Piemme,Paperback,0.0,2016.0,,2023/09/20,2023/09/21,,,read,,,,1,0,Unknown
63220808,Destinazione top secret,Thea Stilton,"Stilton, Thea",Tea Stilton,"=""8858525140""","=""9788858525142""",5.0,Edizioni Piemme,Kindle Edition,146.0,2020.0,,2023/09/20,2023/09/21,,,read,,,,1,0,Unknown
35682939,Mistero al faro dei gabbiani,Thea Stilton,"Stilton, Thea",Tea Stilton,"=""8858518004""","=""9788858518007""",5.0,Edizioni Piemme,Kindle Edition,127.0,2017.0,,2023/09/20,2023/09/21,,,read,,,,1,0,Unknown
20631122,"A un passo da te: Ao haru ride, Vol. 3",Io Sakisaka,"Sakisaka, Io","Laura Giordano, Alessia Trombetta","=""""","=""""",5.0,Panini Comics - Planet Manga,Paperback,208.0,2014.0,2011.0,2023/09/21,2023/09/24,,,read,,,,1,0,Unknown
38104377,La rosa nera,Prunella Bat,"Bat, Prunella","Marco Albiero, Matteo Piana","=""8856611562""","=""9788856611564""",5.0,Piemme,Paperback,139.0,2010.0,2010.0,2023/09/22,2023/09/22,,,read,,,,1,0,Unknown
30021545,"A un passo da te: Ao haru ride, Vol. 6",Io Sakisaka,"Sakisaka, Io","Laura Giordano, Alessia Trombetta","=""8891260630""","=""9788891260635""",5.0,Panini Comics - Planet Manga,Paperback,184.0,2015.0,2012.0,2023/09/25,2023/09/26,,,read,,,,1,0,Unknown
30020476,"A un passo da te: Ao haru ride, Vol. 4",Io Sakisaka,"Sakisaka, Io","Laura Giordano, Alessia Trombetta","=""""","=""""",5.0,Panini Comics - Planet Manga,Paperback,184.0,2014.0,2012.0,2023/09/23,2023/09/24,,,read,,,,1,0,Unknown
6977271,Il destino di Adhara (Le Leggende del Mondo Emerso #1),Licia Troisi,"Troisi, Licia",,"=""8804582863""","=""9788804582861""",5.0,Mondadori,Hardcover,460.0,2008.0,2008.0,2023/09/24,2023/09/28,,,read,,,,1,0,Unknown
30021239,"A un passo da te: Ao haru ride, Vol. 5",Io Sakisaka,"Sakisaka, Io","Laura Giordano, Alessia Trombetta","=""""","=""""",5.0,Panini Comics - Planet Manga,Paperback,184.0,2014.0,2012.0,2023/09/25,2023/09/25,,,read,,,,1,0,Unknown
30022765,"A un passo da te: Ao haru ride, Vol. 7",Io Sakisaka,"Sakisaka, Io","Laura Giordano, Alessia Trombetta","=""8891260649""","=""9788891260642""",5.0,Panini Comics - Planet Manga,Paperback,184.0,2015.0,2013.0,2023/09/30,2023/09/30,,,read,,,,1,0,Unknown
38096408,La Signora del Fuoco,Prunella Bat,"Bat, Prunella","Marco Albiero, Matteo Piana","=""885660308X""","=""9788856603088""",5.0,Piemme,Paperback,137.0,2009.0,2009.0,2019/09/08,2019/09/10,,,read,,,,2,0,Unknown
182825610,Indagine senza pelo (Un detective con le vibrisse #3),Molly Fitz,"Fitz, Molly",Barbara Parutto,"=""""","=""9798850768430""",5.0,Independently published,Paperback,228.0,2023.0,2019.0,2023/07/25,2023/07/28,,,read,,,,1,0,Unknown
198669223,Merlino sceglie un famiglio,Molly Fitz,"Fitz, Molly",Barbara Parutto,"=""""","=""""",5.0,Racconti Miciosi,Kindle Edition,242.0,2023.0,2021.0,2023/09/21,2023/09/21,,,read,,,,1,0,Unknown
52766639,Amiche per la moda,Thea Stilton,"Stilton, Thea",Tea Stilton,"=""8856649071""","=""9788856649079""",5.0,Piemme,Paperback,118.0,2016.0,,2023/09/21,2023/09/21,,,read,,,,1,0,Unknown
29155479,Un sogno sul ghiaccio per Colette (Mouseford Academy #10),Thea Stilton,"Stilton, Thea","Tea Stilton, Tracey West, Barbara Pellizzari, Francesco Castelli, Lidia Morson Tramontozzi","=""8856615606""","=""9788856615609""",5.0,Edizioni Piemme S.p.A.,Paperback,114.0,2011.0,2014.0,2023/09/21,2023/09/21,,,read,,,,1,0,Unknown
55032637,Cheerleader... che passione! (Italian Edition),Thea Stilton,"Stilton, Thea",Tea Stilton,"=""8858524780""","=""9788858524787""",5.0,EDIZIONI PIEMME,Kindle Edition,129.0,2020.0,,2023/09/21,2023/09/21,,,read,,,,1,0,Unknown
50671267,Ninna. Il piccolo riccio con un grande cuore,Massimo Vacchetta,"Vacchetta, Massimo",Claudia Fachinetti,"=""8856673312""","=""9788856673319""",5.0,Piemme,Hardcover,256.0,2019.0,,2023/09/13,2023/09/13,,,read,,,,1,0,Unknown
12792080,Grosso guaio a New York,Thea Stilton,"Stilton, Thea",Tea Stilton,"=""883848953X""","=""9788838489532""",5.0,Piemme,Hardcover,176.0,2007.0,2011.0,2022/07/25,2022/09/25,,,read,,,,1,0,Unknown
36014987,Il giardino dei segreti,Thea Stilton,"Stilton, Thea",Tea Stilton,"=""8858518179""","=""9788858518175""",5.0,Edizioni Piemme,Kindle Edition,128.0,2017.0,,2022/08/01,2022/09/03,,,read,,,,1,0,Unknown
53079546,Harry Potter e il calice di fuoco,J.K. Rowling,"Rowling, J.K.",Beatrice Masini,"=""8831003410""","=""9788831003414""",5.0,Salani,Hardcover,668.0,2020.0,2000.0,2022/08/09,2022/08/05,,,read,,,,1,0,Unknown
29856360,Cinque amiche per un musical,Thea Stilton,"Stilton, Thea","Geronimo Stilton, Tea Stilton","=""8856645912""","=""9788856645910""",5.0,Piemme,Paperback,128.0,2015.0,2010.0,2022/08/13,2022/09/03,,,read,,,,1,0,Unknown
34401498,"L'amore va in scena a Topford! (Vita al College, #1)",Thea Stilton,"Stilton, Thea","Tea Stilton, Elisabetta Dami","=""8856604353""","=""9788856604351""",5.0,Piemme,Paperback,128.0,2009.0,2010.0,2022/07/28,2022/09/28,,,read,,,,2,0,Unknown
3399931,"Harry Potter e l'Ordine della Fenice (Harry Potter, #5)",J.K. Rowling,"Rowling, J.K.",,"=""8884513448""","=""9788884513441""",5.0,Salani,Hardcover,807.0,2003.0,2003.0,2022/08/16,2022/09/02,,,read,,,,1,0,Unknown
41642485,Il diario segreto di Colette (Vita al college),Thea Stilton,"Stilton, Thea",Tea Stilton,"=""8856604361""","=""9788856604368""",5.0,Piemme Junior,Paperback,119.0,2009.0,2010.0,2022/08/18,2022/09/25,,,read,,,,1,0,Unknown
3399930,"Harry Potter e il Principe Mezzosangue (Harry Potter, #6)",J.K. Rowling,"Rowling, J.K.","Beatrice Masini, Serena Daniele, Daniela Gamba","=""8884516374""","=""9788884516374""",5.0,Salani Editore,Hardcover,591.0,2005.0,2005.0,2022/09/02,2022/09/17,,,read,,,,1,0,Unknown
50962697,Mistero dietro le quinte,Thea Stilton,"Stilton, Thea",Tea Stilton,"=""8856651688""","=""9788856651683""",5.0,Piemme,Paperback,0.0,2016.0,2013.0,2022/09/08,2022/09/02,,,read,,,,1,0,Unknown
3304459,"Harry Potter e i Doni della Morte (Harry Potter, #7)",J.K. Rowling,"Rowling, J.K.",Beatrice Masini,"=""8884518784""","=""9788884518781""",5.0,Salani ,Hardcover,701.0,2008.0,2007.0,2022/09/08,2022/09/17,,,read,,,,1,0,Unknown
46017962,Incantesimi in scena (Il regno degli unicorni),Linda Chapman,"Chapman, Linda",,"=""8847725534""","=""9788847725539""",5.0,EL,Paperback,0.0,2009.0,2008.0,2019/07/07,2019/07/21,,,read,,,,2,0,Unknown
52766642,Un cucciolo in cerca di casa,Thea Stilton,"Stilton, Thea",Tea Stilton,"=""8856641275""","=""9788856641271""",5.0,Piemme,Paperback,0.0,2015.0,,2022/09/29,2022/09/30,,,read,,,,1,0,Unknown
16149494,L'arcobalena,Massimo Sardi,"Sardi, Massimo",,"=""8809016459""","=""9788809016453""",5.0,Giunti Junior,Paperback,64.0,2000.0,2000.0,2022/10/02,2022/10/02,,,read,,,,1,0,Unknown
42073240,Un orsetto troppo ordinato,Colin West,"West, Colin",,"=""""","=""""",4.0,,Unknown Binding,,,,2022/10/12,2022/10/12,,,read,,,,1,0,Unknown
30374806,Melowy - La notte del coraggio,Danielle Star,"Star, Danielle",,"=""8891519812""","=""9788891519818""",5.0,Fabbri Editori,Hardcover,95.0,2016.0,,2019/11/08,2019/11/16,,,read,,,,2,0,Unknown
42112564,Amelia Fang and the Half-Moon Holiday (The Amelia Fang Series),Laura Ellen Anderson,"Anderson, Laura Ellen",,"=""1405292091""","=""9781405292092""",5.0,Egmont,Paperback,240.0,2019.0,2018.0,2022/10/24,2022/10/26,,,read,Italian version,,,1,0,Unknown
53079441,Harry Potter e il prigioniero di Azkaban,J.K. Rowling,"Rowling, J.K.",Beatrice Masini,"=""8831003402""","=""9788831003407""",5.0,Salani,Hardcover,406.0,2020.0,1999.0,2022/07/26,2022/12/12,,,read,,,,2,0,Unknown
49889725,Tea Sisters in pericolo!,Thea Stilton,"Stilton, Thea",Tea Stilton,"=""8856645971""","=""9788856645972""",5.0,Piemme,Paperback,0.0,2015.0,2011.0,2022/10/29,2023/03/18,,,read,,,,1,0,Unknown
61208813,"Il senzacoda. Storia di una bambina fifona, mostri impossibili e gatti straordinari",Loredana Lipperini,"Lipperini, Loredana",Stefano Tambellini,"=""8831011928""","=""9788831011921""",5.0,Salani,Hardcover,176.0,2022.0,,2022/12/01,2022/09/17,,,read,,,,1,0,Unknown
74044414,100 Fatti Magici e Dove Trovarli: La Fantastica Raccolta di Curiosità e Aneddoti sul Mondo di Harry Potter,Willow Mitchell,"Mitchell, Willow",,"=""""","=""9798363354519""",5.0,Independently published,Paperback,102.0,2022.0,,2022/12/08,2022/12/21,,,read,,,,1,0,Unknown
16082127,Il galeone dei gatti pirati,Geronimo Stilton,"Stilton, Geronimo",Elisabetta Dami,"=""8838455252""","=""9788838455254""",5.0,Piemme Junior,Paperback,119.0,2000.0,2013.0,2022/12/22,2022/10/24,,,read,,,,1,0,Unknown
55400711,The Little Wooden Robot and the Log Princess,Tom Gauld,"Gauld, Tom",,"=""0823446980""","=""9780823446988""",5.0,Neal Porter Books,Hardcover,40.0,2021.0,2021.0,2022/12/26,2022/12/26,,,read,,,,1,0,Unknown
51550543,Harry Potter e la pietra filosofale,J.K. Rowling,"Rowling, J.K.",Marina Astrologo,"=""8831003380""","=""9788831003384""",5.0,Salani,Hardcover,310.0,2020.0,1997.0,2022/07/12,2022/12/21,,,read,,,,3,0,Unknown
48946968,Il grande libro delle favole,Luis Sepúlveda,"Sepúlveda, Luis",,"=""8823525063""","=""9788823525061""",4.0,Guanda,Hardcover,517.0,2019.0,,2023/01/18,2023/03/18,,,read,,,,1,0,Unknown
53079391,Harry Potter e la camera dei segreti,J.K. Rowling,"Rowling, J.K.",Marina Astrologo,"=""8831003399""","=""9788831003391""",5.0,Salani,Hardcover,332.0,2020.0,1998.0,2022/12/10,2022/12/12,,,read,,,,3,0,Unknown
9693061,Gli animali fantastici: dove trovarli,Newt Scamander,"Scamander, Newt","Beatrice Masini, J.K. Rowling","=""8862562691""","=""9788862562690""",5.0,Salani,Hardcover,60.0,2010.0,2001.0,2022/09/24,2022/09/22,,,read,,,,3,0,Unknown
8933944,"Harry Potter: The Prequel (Harry Potter, #0.5)",J.K. Rowling,"Rowling, J.K.",,"=""1156923441""","=""9781156923443""",5.0,Books LLC,ebook,3.0,2008.0,2008.0,2023/04/06,2023/05/05,,,read,,,,1,0,Unknown
31187505,Harry Potter e la maledizione dell'erede,John Tiffany,"Tiffany, John","Jack Thorne, J.K. Rowling, Luigi Spagnol","=""1781105456""","=""9781781105450""",5.0,Salani Editore,Kindle Edition,368.0,2016.0,2016.0,2023/04/17,2023/05/05,,,read,,,,1,0,Unknown
51168786,Un viaggio attraverso Pozioni ed Erbologia,Pottermore Publishing,"Publishing, Pottermore",Rohan Daniel Eason,"=""""","=""""",5.0,Pottermore Publishing,Kindle Edition,76.0,2019.0,2019.0,2023/04/29,2023/05/05,,,read,,,,1,0,Unknown
31569345,"Racconti di Hogwarts: potere, politica e poltergeist",J.K. Rowling,"Rowling, J.K.",,"=""178110641X""","=""9781781106419""",5.0,Pottermore ,Kindle Edition,62.0,2016.0,2016.0,2023/05/02,2023/05/05,,,read,,,,1,0,Unknown
51046199,Un viaggio attraverso Incantesimi e Difesa contro le arti oscure,Pottermore Publishing,"Publishing, Pottermore",Rohan Daniel Eason,"=""""","=""""",5.0,Pottermore Publishing,Kindle Edition,64.0,2019.0,2019.0,2023/05/04,2023/05/05,,,read,,,,1,0,Unknown
9737972,Lacrime di cristallo (Ragazze dell'Olimpo #1),Elena Kedros,"Kedros, Elena",,"=""8804575190""","=""9788804575191""",5.0,Mondadori,Hardcover,241.0,2008.0,2008.0,2023/05/11,2023/05/15,,,read,,,,1,0,Unknown
11390722,"Il potere dei sogni (Ragazze dell'Olimpo, #2)",Elena Kedros,"Kedros, Elena",,"=""8804584165""","=""9788804584162""",5.0,Mondadori,Paperback,244.0,2008.0,2008.0,2023/05/14,2023/05/20,,,read,,,,1,0,Unknown
19508623,Prigioniero dell'Ade (Ragazze dell'Olimpo #3),Elena Kedros,"Kedros, Elena",,"=""8852022864""","=""9788852022869""",5.0,Mondadori,Kindle Edition,176.0,2012.0,2009.0,2023/05/15,2023/05/20,,,read,,,,1,0,Unknown
19508606,La fiamma degli Dei (Ragazze dell'Olimpo #4),Elena Kedros,"Kedros, Elena",,"=""""","=""""",5.0,Mondadori,Kindle Edition,234.0,2012.0,2009.0,2023/05/17,2023/05/20,,,read,,,,1,0,Unknown
19508603,"Il sorriso del traditore (Ragazze dell'Olimpo, #5)",Elena Kedros,"Kedros, Elena",,"=""8852022872""","=""9788852022876""",5.0,Mondadori,Kindle Edition,230.0,2012.0,2010.0,2023/05/25,2023/06/30,,,read,,,,1,0,Unknown
43600213,L'ultimo desiderio (Ragazze dell'Olimpo #6),Elena Kedros,"Kedros, Elena",,"=""8804616318""","=""9788804616313""",5.0,Mondadori,Paperback,285.0,2012.0,2010.0,2023/05/30,2023/06/30,,,read,,,,1,0,Unknown
52766656,Una magica notte sulla neve,Thea Stilton,"Stilton, Thea",Tea Stilton,"=""8856646013""","=""9788856646016""",5.0,Piemme,Paperback,0.0,2015.0,2015.0,2022/08/13,2022/09/25,,,read,,,,2,0,Unknown
50545873,La carica dei 101. Sogni d'oro,Walt Disney Company,"Company, Walt Disney",,"=""8852223711""","=""9788852223716""",5.0,Disney Libri,Board book,48.0,2015.0,,2020/01/19,2020/01/19,,,read,,,,3,0,Unknown
48549315,La sorpresa di Micia,Matthew Sturgis,"Sturgis, Matthew",,"=""""","=""""",5.0,Euroclub,Hardcover,24.0,1991.0,1991.0,2015/06/01,2019/10/21,,,read,,,,2,0,Unknown
12465386,Un mistero per Valentina,Angelo Petrosino,"Petrosino, Angelo",Sara Not,"=""8838450242""","=""9788838450242""",5.0,Piemme Junior,Paperback,198.0,2001.0,2001.0,2023/07/27,2023/07/29,,,read,,,,1,0,Unknown
9824994,Grandi novità in arrivo!,Angelo Petrosino,"Petrosino, Angelo",Sara Not,"=""8838450358""","=""9788838450358""",5.0,Piemme,Paperback,170.0,2004.0,2004.0,2023/07/27,2023/07/28,,,read,,,,1,0,Unknown
34827296,Gli amici di Valentina,Angelo Petrosino,"Petrosino, Angelo",,"=""""","=""""",5.0,Piemme,Paperback,160.0,2002.0,,2023/07/28,2023/08/07,,,read,,,,1,0,Unknown
40832077,Sfida a ritmo di danza,Thea Stilton,"Stilton, Thea",Tea Stilton,"=""""","=""""",5.0,Piemme,Unknown Binding,128.0,2015.0,2009.0,2023/07/28,2023/07/28,,,read,,,,1,0,Unknown
9825003,La famiglia di Valentina,Angelo Petrosino,"Petrosino, Angelo",Sara Not,"=""8838450285""","=""9788838450280""",5.0,Piemme,Paperback,149.0,2002.0,,2023/07/30,2023/08/07,,,read,,,,1,0,Unknown
31694335,Lily e la pianta misteriosa. Fairies. Il mondo segreto di Trilli,Kirsten Larsen,"Larsen, Kirsten","J. Holmes Clarke, Angela Ragusa","=""8852205160""","=""9788852205163""",5.0,Disney Libri,Paperback,120.0,2007.0,2006.0,2019/07/02,2019/07/21,,,read,,,,2,0,Unknown
28316635,Un Amico Internet Per Valentina (Italian Edition),Angelo Petrosino,"Petrosino, Angelo",,"=""8838450218""","=""9788838450211""",5.0,Piemme,Paperback,0.0,2003.0,,2023/08/04,2023/08/07,,,read,,,,1,0,Unknown
33960710,Your name.,Makoto Shinkai,"Shinkai, Makoto",Salvatore Corallo,"=""8868839792""","=""9788868839796""",5.0,Edizioni BD - J-Pop,Paperback,184.0,2017.0,2016.0,2023/08/06,2023/08/07,,,read,,,,1,0,Unknown
31694275,Vidia e la corona scomparsa. Fairies. Il mondo segreto di Trilli,Laura Driscoll,"Driscoll, Laura","J. Holmes Clarke, Angela Ragusa","=""8852204660""","=""9788852204661""",5.0,Disney Libri,Paperback,120.0,2006.0,2005.0,2019/07/19,2019/07/21,,,read,,,,2,0,Unknown
22542499,La cugina di Valentina,Angelo Petrosino,"Petrosino, Angelo",,"=""""","=""""",5.0,Piemme,Unknown Binding,191.0,2001.0,2001.0,2023/08/10,2023/08/20,,,read,,,,1,0,Unknown
16069853,V come Valentina,Angelo Petrosino,"Petrosino, Angelo",Sara Not,"=""883845020X""","=""9788838450204""",5.0,Piemme,Paperback,201.0,2001.0,2001.0,2023/08/13,2023/08/20,,,read,,,,1,0,Unknown
10374397,La Spada Nella Roccia,Geronimo Stilton,"Stilton, Geronimo",,"=""8838487278""","=""9788838487279""",5.0,Piemme,Hardcover,212.0,2006.0,2006.0,2023/08/14,2023/08/26,,,read,,,,1,0,Unknown
33797471,Gita di classe a Parigi,Angelo Petrosino,"Petrosino, Angelo",,"=""""","=""9788856645262""",5.0,Edizioni Piemme,Paperback,176.0,2015.0,2015.0,2023/08/18,2023/08/20,,,read,,,,1,0,Unknown
22011185,Grande ritorno nel regno della fantasia,Geronimo Stilton,"Stilton, Geronimo",,"=""8856628473""","=""9788856628470""",5.0,piemme,Paperback,579.0,2014.0,2013.0,2023/08/18,2023/08/26,,,read,,,,1,0,Unknown
9696415,Terzo viaggio nel regno della Fantasia,Geronimo Stilton,"Stilton, Geronimo",,"=""8838474540""","=""9788838474545""",5.0,Casale Monferrato,Hardcover,321.0,2007.0,2007.0,2023/08/20,2023/08/26,,,read,,,,1,0,Unknown
102324578,Alla ricerca della felicità. Nel regno della fantasia: 2 (Top-seller),Geronimo Stilton,"Stilton, Geronimo",,"=""8838453748""","=""9788838453748""",5.0,,Hardcover,0.0,,,2023/08/21,2023/08/26,,,read,,,,1,0,Unknown
19396955,Il meraviglioso Mago di Oz,Geronimo Stilton,"Stilton, Geronimo","Danilo Loizedda, Edwyn Nori","=""8858507827""","=""""",5.0,Piemme,Kindle Edition,220.0,2012.0,2011.0,2023/08/23,2023/09/01,,,read,,,,1,0,Unknown
22542441,In viaggio con Valentina,Angelo Petrosino,"Petrosino, Angelo",,"=""""","=""""",5.0,Piemme,Paperback,202.0,2001.0,2001.0,2023/08/23,2023/08/26,,,read,,,,1,0,Unknown
31694302,Beck e la guerra delle bacche. Fairies. Il mondo segreto di Trilli,Laura Driscoll,"Driscoll, Laura",J. Holmes Clarke,"=""8852205993""","=""9788852205996""",5.0,Disney Libri,Paperback,121.0,2007.0,2006.0,2019/07/17,2019/07/26,,,read,,,,2,0,Unknown
11329659,La Grande Invasione Di Topazia,Geronimo Stilton,"Stilton, Geronimo",,"=""8838498938""","=""9788838498930""",5.0,Piemme,Hardcover,320.0,2008.0,2008.0,2023/08/25,2023/09/01,,,read,,,,1,0,Unknown
36190463,Ottavo viaggio nel regno della Fantasia,Geronimo Stilton,"Stilton, Geronimo",Elisabetta Dami,"=""8856623730""","=""9788856623734""",5.0,Piemme,Hardcover,386.0,2012.0,2012.0,2023/08/27,2023/09/01,,,read,,,,1,0,Unknown
12413607,Il richiamo della foresta,Geronimo Stilton,"Stilton, Geronimo",Jack London,"=""8838487294""","=""9788838487293""",4.0,Piemme,Hardcover,215.0,2007.0,2007.0,2023/08/28,2023/09/01,,,read,,,,1,0,Unknown
13371670,Il segreto del coraggio,Geronimo Stilton,"Stilton, Geronimo",,"=""8838453659""","=""9788838453656""",5.0,Piemme,Hardcover,363.0,2004.0,2004.0,2023/08/29,2023/09/01,,,read,,,,1,0,Unknown
43083304,L'anello di luce. Cronache del Regno della Fantasia,Geronimo Stilton,"Stilton, Geronimo",,"=""8856604396""","=""9788856604399""",3.0,Piemme,Hardcover,0.0,2009.0,2009.0,2023/08/30,2023/09/01,,,read,,,,1,0,Unknown
15784993,Viaggio nel tempo,Geronimo Stilton,"Stilton, Geronimo",Elisabetta Dami,"=""8838479046""","=""9788838479045""",5.0,Piemme,Hardcover,315.0,2002.0,2002.0,2023/08/30,2023/09/01,,,read,,,,1,0,Unknown
146497104,Testimone a quattro zampe (Un Detective Con Le Vibrisse) (Italian Edition),Molly Fitz,"Fitz, Molly",Barbara Parutto,"=""""","=""9798393135485""",5.0,Independently published,Paperback,254.0,2023.0,2019.0,2023/06/10,2023/06/30,,,read,,,,2,0,Unknown
52182977,Brina: Ogni amico è un'avventura,Giorgio Salati,"Salati, Giorgio",Christian Cornia,"=""8867903764""","=""9788867903764""",5.0,Tunué,Paperback,96.0,2020.0,,2020/09/26,2020/10/14,,,read,,,,2,0,Unknown
43419348,Giulietta e Romeo,Roberto Piumini,"Piumini, Roberto",,"=""886656107X""","=""9788866561071""",5.0,Einaudi Ragazzi,Paperback,0.0,2013.0,1996.0,2023/07/16,2023/07/22,,,read,,,,1,0,Unknown
9637544,"La clessidra di Aldibah (La ragazza drago, #3)",Licia Troisi,"Troisi, Licia",Mauro Marchesi,"=""8804600497""","=""9788804600497""",5.0,Mondadori,Hardcover,259.0,2010.0,2010.0,2023/07/20,2023/07/22,,,read,,,,1,0,Unknown
48650691,La Sirenetta - Magiche Fiabe Disney,Walt Disney Company,"Company, Walt Disney",,"=""""","=""""",5.0,De Agostini,Hardcover,25.0,2005.0,1989.0,2019/10/27,2019/10/31,,,read,,,,1,0,Unknown
55590812,Dance factor (Italian Edition),Aurora Marsotto,"Marsotto, Aurora",,"=""8858525299""","=""9788858525296""",5.0,Piemme,Kindle Edition,113.0,2020.0,,2023/07/06,2023/07/08,,,read,,,,1,0,Unknown
28146551,"Un criceto su internet (Freddy, #2)",Dietlof Reiche,"Reiche, Dietlof","Antongionata Ferrari, Maria Pia Chiodi","=""8838478961""","=""9788838478963""",5.0,PIEMME Junior,Paperback,119.0,2002.0,1999.0,2023/07/05,2023/07/08,,,read,,,,1,0,Unknown
29066159,Un sogno in TV,Mathilde Bonetti,"Bonetti, Mathilde",Benedetta Barone,"=""8856635224""","=""9788856635225""",5.0,Piemme,Paperback,147.0,2014.0,2014.0,2023/07/06,2023/07/06,,,read,,,,1,0,Unknown
49784760,Stella Bianca - 1. La ragazza che parla ai cavalli,Mathilde Bonetti,"Bonetti, Mathilde",,"=""8852094717""","=""9788852094712""",5.0,MONDADORI,Kindle Edition,199.0,2019.0,,2020/08/05,2020/07/26,,,read,,,,2,0,Unknown
52676583,Stella Bianca - 2. La stagione degli amori,Mathilde Bonetti,"Bonetti, Mathilde",,"=""""","=""""",5.0,Mondadori,Paperback,182.0,2019.0,,2020/08/21,2020/08/08,,,read,,,,2,0,Unknown
52860907,"Stella Bianca - 3. Puledri, baci e gelosie",Mathilde Bonetti,"Bonetti, Mathilde",,"=""""","=""9788852094736""",5.0,MONDADORI,Kindle Edition,175.0,2019.0,,2020/09/08,2020/08/23,,,read,,,,2,0,Unknown
45319772,Il Draghetto delle Nuvole,Daniele Lippi,"Lippi, Daniele",,"=""""","=""""",4.0,,Kindle Edition,28.0,2019.0,,2019/04/28,2019/07/21,,,read,,,,1,0,Unknown
50260508,Nel mondo dei cuccioli,Giunti Kids,"Kids, Giunti",,"=""880903709X""","=""9788809037090""",5.0,Giunti Kids,Hardcover,80.0,2004.0,,2019/06/01,2020/01/03,,,read,,,,1,0,Unknown
49366863,Le nuove avventure della gatta magica,Mathilde Bonetti,"Bonetti, Mathilde",,"=""8856639777""","=""9788856639773""",5.0,Piemme,Paperback,0.0,2014.0,,2019/06/01,2020/04/23,,,read,,,,1,0,Unknown
31694374,Rani e le sirene. Fairies. Il mondo segreto di Trilli,Lisa Papademetriou,"Papademetriou, Lisa",F. Menichella,"=""8852206337""","=""9788852206337""",5.0,Disney Libri,Paperback,124.0,2008.0,2006.0,2019/06/18,2019/07/21,,,read,,,,1,0,Unknown
51184605,"La Gatta Magica È Tornata (Gatta magica, #3)",Mathilde Bonetti,"Bonetti, Mathilde",,"=""8856647079""","=""9788856647075""",5.0,Piemme,Mass Market Paperback,65.0,2015.0,,2019/07/08,2019/07/21,,,read,,,,1,0,Unknown
53007906,"Una cavallina disubbidiente (Tilly's Pony Tails, #9)",Pippa Funnell,"Funnell, Pippa",L. Feoli,"=""""","=""""",5.0,Edizioni EL,Mass Market Paperback,123.0,2011.0,2010.0,2019/08/03,2019/08/05,,,read,,,,1,0,Unknown
52344905,"Luisa, La Fata dello Smeraldo (Rainbow Magic, #24; Jewel Fairies, #3)",Daisy Meadows,"Meadows, Daisy",Augusto Macchetto,"=""8804565713""","=""9788804565710""",5.0,Mondadori,Mass Market Paperback,59.0,2007.0,2005.0,2019/08/14,2019/08/23,,,read,,,,1,0,Unknown
52345008,"Valentina, La Fata dei Vestiti (Rainbow Magic, #20; The Party Fairies, #6)",Daisy Meadows,"Meadows, Daisy",C. Conti,"=""8804559543""","=""9788804559542""",5.0,Mondadori,Mass Market Paperback,64.0,2006.0,2005.0,2019/08/16,2019/08/24,,,read,,,,1,0,Unknown
52345044,"Beatrice, La Fata delle Torte (Rainbow Magic, #15; Party Fairies, #1)",Daisy Meadows,"Meadows, Daisy",C. Conti,"=""8804554568""","=""9788804554561""",5.0,Mondadori,Mass Market Paperback,64.0,2006.0,2005.0,2019/08/19,2019/08/24,,,read,,,,1,0,Unknown
52345131,"Iris, La Fata Indaco (Rainbow Magic, #6)",Daisy Meadows,"Meadows, Daisy",C. Conti,"=""8804548118""","=""9788804548119""",5.0,Mondadori,Mass Market Paperback,65.0,2005.0,2003.0,2019/08/21,2019/08/24,,,read,,,,1,0,Unknown
38096370,Gatti... stregati,Prunella Bat,"Bat, Prunella",,"=""8856612062""","=""9788856612066""",5.0,Piemme,Paperback,125.0,2013.0,2013.0,2019/08/27,2019/08/24,,,read,,,,1,0,Unknown
25950289,La casa delle sirene,Prunella Bat,"Bat, Prunella",,"=""8858501640""","=""9788858501641""",5.0,Piemme,Kindle Edition,133.0,2010.0,2006.0,2019/09/02,2019/09/03,,,read,,,,1,0,Unknown
13424198,L'intreccio della torre (Rapunzel),Walt Disney Company,"Company, Walt Disney",,"=""8852213015""","=""9788852213014""",5.0,The Walt Disney Company Italia,Hardcover,96.0,2011.0,2015.0,2019/09/10,2019/09/11,,,read,,,,1,0,Unknown
50923610,Principessa Elisa e la giostra fatata,Vivian French,"French, Vivian",,"=""8841856157""","=""9788841856154""",5.0,De Agostini,Mass Market Paperback,78.0,2009.0,2006.0,2019/09/18,2019/09/19,,,read,,,,1,0,Unknown
49427151,"Principessa Sofia e il ballo del principe (The Tiara Club at Silver Towers, #5)",Vivian French,"French, Vivian",O. Colombai,"=""8841861800""","=""9788841861806""",5.0,De Agostini,Mass Market Paperback,94.0,2010.0,2006.0,2019/09/21,2019/09/24,,,read,,,,1,0,Unknown
33865365,La dama d'argento,Prunella Bat,"Bat, Prunella",,"=""8856635720""","=""9788856635720""",5.0,Piemme,Paperback,127.0,2013.0,2006.0,2019/09/30,2019/09/24,,,read,,,,1,0,Unknown
34683378,C'è chi nasce strega,Prunella Bat,"Bat, Prunella",,"=""8858501624""","=""9788858501627""",5.0,Piemme,Kindle Edition,109.0,2010.0,2005.0,2019/10/08,2019/10/08,,,read,,,,1,0,Unknown
12094950,Una fata su un milione (Milla & Sugar #2),Prunella Bat,"Bat, Prunella",,"=""8838454272""","=""9788838454271""",5.0,Piemme Junior,Hardcover,132.0,2005.0,2005.0,2019/10/15,2019/10/15,,,read,,,,1,0,Unknown
48582248,Il mondo di Hello Kitty dalla A alla Z,Various,"Various, Various",,"=""8855605798""","=""9788855605793""",5.0,Edibimbi,Hardcover,56.0,2009.0,,2019/10/25,2019/10/26,,,read,,,,1,0,Unknown
48650729,"Principessa Ginevra e il cigno d'Argento (The Tiara Club at Pearl Palace, #6)",Vivian French,"French, Vivian",O. Colombai,"=""8841886846""","=""9788841886847""",5.0,De Agostini,Paperback,96.0,2013.0,2007.0,2019/10/30,2019/10/31,,,read,,,,1,0,Unknown
48691826,"Principessa Vittoria e la Balena Fatata (The Tiara Club at Emerald Castle, #3)",Vivian French,"French, Vivian",,"=""8841896361""","=""9788841896365""",5.0,De Agostini,Paperback,96.0,2014.0,2008.0,2019/11/03,2019/11/04,,,read,,,,1,0,Unknown
28953317,Principesse - Princess. I Librottini (Italian Edition),Walt Disney Company,"Company, Walt Disney",,"=""8852224548""","=""9788852224546""",5.0,Giunti (autore Disney),Kindle Edition,14.0,2015.0,,2019/11/10,2019/11/16,,,read,,,,1,0,Unknown
48913388,"Un puledrino nella savana (Tilly's Pony Tails, #17)",Pippa Funnell,"Funnell, Pippa",,"=""8847734037""","=""9788847734036""",5.0,Edizioni EL,Mass Market Paperback,128.0,2016.0,2012.0,2019/11/21,2019/11/22,,,read,,,,1,0,Unknown
50247245,Tommy,Tony Wolf,"Wolf, Tony",Anna Casalis,"=""8809611829""","=""9788809611825""",5.0,Dami Editore,Board Book,18.0,2013.0,2007.0,2019/11/29,2020/01/02,,,read,,,,1,0,Unknown
37791026,Dov'è il mio gattino?,Fiona Watt,"Watt, Fiona",,"=""0746082959""","=""9780746082959""",5.0,Usborne Publishing Ltd,Hardcover,0.0,2015.0,2001.0,2019/12/01,2020/01/02,,,read,,,,1,0,Unknown
9825021,Strega più fata (Milla & Sugar #1),Prunella Bat,"Bat, Prunella",,"=""8838453500""","=""9788838453502""",5.0,Piemme,Hardcover,136.0,2005.0,2005.0,2020/02/10,2020/02/12,,,read,,,,1,0,Unknown
51480214,"Un cavallino troppo solo (Tilly's Pony Tails, #15)",Pippa Funnell,"Funnell, Pippa",L. Feoli,"=""8847732093""","=""9788847732094""",5.0,Edizioni EL,Mass Market Paperback,115.0,2015.0,2011.0,2020/02/22,2020/02/19,,,read,,,,1,0,Unknown
52367028,Milady gattina coraggiosa. 44 Gatti,Various,"Various, Various",,"=""8891581682""","=""9788891581686""",4.0,Fabbri Editori,Board book,10.0,2019.0,,2020/03/12,2020/03/14,,,read,,,,1,0,Unknown
29066038,Pattini e scarpette,Mathilde Bonetti,"Bonetti, Mathilde",Caterina Giorgetti,"=""885662947X""","=""9788856629477""",5.0,Piemme,Paperback,149.0,2013.0,2013.0,2020/04/22,2020/04/13,,,read,,,,1,0,Unknown
19352590,La gatta magica,Mathilde Bonetti,"Bonetti, Mathilde",Marco Albiero,"=""8858501349""","=""""",5.0,Piemme,Kindle Edition,69.0,2010.0,2010.0,2019/05/13,2019/07/21,,,read,,,,2,0,Unknown
54475845,La Gatta Magica. Cristalli di Fata.,Mathilde Bonetti,"Bonetti, Mathilde",M. Albiero,"=""8856645114""","=""9788856645118""",5.0,Piemme,Mass Market Paperback,83.0,2015.0,,2020/07/03,2020/07/11,,,read,,,,2,0,Unknown
30840301,Ricordati del gatto!,Michael Rosen,"Rosen, Michael","Daniela Gamba, Michael Rosen","=""885882430X""","=""9788858824306""",5.0,Feltrinelli,Kindle Edition,95.0,2016.0,2015.0,2020/08/22,2020/08/23,,,read,,,,1,0,Unknown
34703870,Brina e la Banda del Sole Felino,Giorgio Salati,"Salati, Giorgio","Christian Cornia, Erika Turbati","=""8867901494""","=""9788867901494""",5.0,Tunué,Paperback,96.0,2017.0,2017.0,2020/10/02,2020/10/14,,,read,,,,1,0,Unknown
51245026,Danza che ti passa!,Mathilde Bonetti,"Bonetti, Mathilde",,"=""8809829840""","=""9788809829848""",5.0,Giunti Junior,Paperback,96.0,2016.0,,2020/10/19,2020/10/14,,,read,,,,1,0,Unknown
52221160,Il mondo a passo di danza,Aurora Marsotto,"Marsotto, Aurora",,"=""8856612224""","=""9788856612226""",5.0,Piemme,Paperback,344.0,2011.0,2011.0,2020/11/10,2021/05/24,,,read,,,,1,0,Unknown
40555946,Abissino e Somalo,Maria Grazia Gregani,"Gregani, Maria Grazia",,"=""8889662417""","=""9788889662410""",5.0,Castel Negrino,Paperback,96.0,2008.0,,2021/01/07,2020/07/26,,,read,,,,1,0,Unknown
58548292,La gattina vanitosa,Various,"Various, Various",,"=""885993172X""","=""9788859931720""",5.0,Larus,Hardcover,35.0,2008.0,,2021/06/28,2021/07/13,,,read,,,,1,0,Unknown
59642532,Il grande libro delle fate e delle principesse,Peter Holeinone,"Holeinone, Peter",P. Cattaneo,"=""8809616618""","=""9788809616615""",5.0,Dami Editore,Hardcover,192.0,2009.0,,2021/11/03,2021/11/17,,,read,,,,1,0,Unknown
43216270,"Storia di Milo, il gatto che non sapeva saltare",Costanza Rizzacasa d'Orsogna,"d'Orsogna, Costanza Rizzacasa",Giacomo Bagnara,"=""8823522099""","=""9788823522091""",5.0,Guanda,Hardcover,114.0,2018.0,2018.0,2022/02/01,2022/01/25,,,read,,,,1,0,Unknown
60388205,"Storia di Milo, il gatto che andò al Polo Sud",Costanza Rizzacasa d'Orsogna,"d'Orsogna, Costanza Rizzacasa",,"=""8823527805""","=""9788823527805""",5.0,Guanda,Mass Market Paperback,128.0,2021.0,,2022/02/08,2022/02/10,,,read,,,,1,0,Unknown
23680763,Principessa del Buio,Thea Stilton,"Stilton, Thea",Tea Stilton,"=""8856615967""","=""9788856615968""",5.0,Piemme,Hardcover,280.0,2011.0,2011.0,2022/07/20,2022/09/25,,,read,,,,1,0,Unknown
37936492,Il Diamante di Ghiaccio,Prunella Bat,"Bat, Prunella","Marco Albiero, Matteo Piana","=""8856603098""","=""9788856603095""",5.0,Piemme,Hardcover,139.0,2009.0,2009.0,2020/02/03,2020/01/23,,,read,,,,2,0,Unknown
48838139,"Una gatta di troppo (Magic Kitten, #4)",Sue Bentley,"Bentley, Sue",F. Tartaglia,"=""8804580984""","=""9788804580980""",5.0,Mondadori,Mass Market Paperback,121.0,2008.0,2006.0,2019/11/19,2019/11/16,,,read,,,,2,0,Unknown
45360831,Caterina e... tutto il resto,Mirjam Pressler,"Pressler, Mirjam",,"=""8838435235""","=""""",3.0,Piemme,Paperback,160.0,1996.0,,2022/10/29,2022/10/29,,,read,,,,1,0,Unknown
72475193,Quelle della pallavolo,Mathilde Bonetti,"Bonetti, Mathilde",,"=""8809890434""","=""9788809890435""",5.0,Giunti,Paperback,160.0,2021.0,2020.0,2022/12/27,2022/12/27,,,read,,,,1,0,Unknown
87705261,"Il gatto ballerino (Magic Ballerina, #13)",Darcey Bussell,"Bussell, Darcey",L. Fochi,"=""8841873868""","=""9788841873861""",5.0,De Agostini,Paperback,96.0,2012.0,2009.0,2022/12/31,2022/12/31,,,read,,,,1,0,Unknown
40881155,Valentina e il mondo dei cuccioli,Angelo Petrosino,"Petrosino, Angelo",,"=""8856658879""","=""9788856658873""",5.0,Piemme,Paperback,245.0,2017.0,,2023/01/01,2023/01/01,,,read,,,,1,0,Unknown
75508589,"Principessa Sofia e la festa della neve (The Tiara Club, #5)",Vivian French,"French, Vivian",Francesca Manzoni,"=""8841852216""","=""9788841852217""",5.0,De Agostini,Paperback,96.0,2009.0,2005.0,2023/01/01,2023/01/02,,,read,,,,1,0,Unknown
63363160,Il cortile delle sette fate,Nadia Terranova,"Terranova, Nadia",Simona Mulazzani,"=""8823531276""","=""9788823531277""",4.0,Guanda,Hardcover,112.0,2022.0,2022.0,2023/02/26,2023/03/18,,,read,,,,1,0,Unknown
10805693,Supergatto,Paul Fournel,"Fournel, Paul",Alexandra Poulot,"=""8838435154""","=""9788838435157""",5.0,Piemme,Paperback,114.0,1994.0,1978.0,2023/03/27,2023/03/27,,,read,,,,1,0,Unknown
57516826,Viola e il Blu,Matteo Bussola,"Bussola, Matteo",,"=""8831009834""","=""9788831009836""",4.0,Salani,Kindle Edition,73.0,2021.0,2021.0,2023/04/12,2023/05/12,,,read,,,,1,0,Unknown
17857254,Il mio diario (Violetta),Walt Disney Company,"Company, Walt Disney",,"=""8852216170""","=""9788852216176""",5.0,Walt Disney Company Italia,Paperback,192.0,2013.0,2013.0,2023/04/16,2023/04/20,,,read,,,,2,0,Unknown
37936408,La sposa vampira (Milla & Sugar #9),Prunella Bat,"Bat, Prunella","Marco Albiero, Matteo Piana","=""8838433135""","=""9788838433139""",5.0,Piemme,Paperback,139.0,2007.0,2007.0,2023/06/30,2023/06/30,,,read,,,,1,0,Unknown
80092431,Il segreto del gatto,Molly Fitz,"Fitz, Molly",Barbara Parutto,"=""""","=""9798373298735""",5.0,Independently published,Paperback,204.0,2023.0,2019.0,2023/05/20,2023/05/20,,,read,,,,1,0,Unknown
21462043,Peppa. Il camper e altre storie,Silvia D'Achille,"D'Achille, Silvia",,"=""8809792238""","=""9788809792234""",0.0,Giunti Kids,Kindle Edition,72.0,2013.0,2013.0,2019/07/22,2019/07/23,,,read,,,,1,0,Unknown
59335997,Il maialino di Natale,J.K. Rowling,"Rowling, J.K.","Valentina Daniele, Jim Field","=""8831010751""","=""9788831010757""",0.0,Salani,Hardcover,320.0,2021.0,2021.0,,2022/12/30,currently-reading,currently-reading (#2),currently-reading,,,,1,0,Unknown
12071731,"I magici mondi di Harry Potter. Guida ai personaggi, miti e leggende della saga del mago di Hogwarts",David Colbert,"Colbert, David",Paola Bruna Cartoceti,"=""8834708482""","=""9788834708484""",0.0,Fanucci,Hardcover,212.0,2001.0,2001.0,,2022/09/30,to-read,to-read (#1),to-read,,,,0,0,Unknown
35566694,The Song of the Moon (Melowy #2) (2),Danielle Star,"Star, Danielle",,"=""1338151762""","=""9781338151763""",0.0,Scholastic Paperbacks,Paperback,96.0,2018.0,,2018/09/25,2021/05/29,,,read,,,,1,0,Unknown
58126711,La volpe che amava i libri,Nicola Pesce,"Pesce, Nicola",,"=""8836270271""","=""9788836270279""",0.0,Edizioni NPE,Hardcover,176.0,2021.0,2021.0,,2021/11/21,currently-reading,currently-reading (#1),currently-reading,,,,1,0,Unknown
42959049,Cuccioli Magici. Paddy il cagnolino,Lily Small,"Small, Lily",G. Del Duca,"=""8854157821""","=""9788854157828""",0.0,Newton Compton,Paperback,128.0,2013.0,2013.0,2018/11/26,2019/07/21,,,read,,,,1,0,Unknown
42937597,Cuccioli Magici. Bella la coniglietta,Lily Small,"Small, Lily",G. Del Duca,"=""8854157813""","=""9788854157811""",0.0,Newton Compton,Paperback,121.0,2013.0,2013.0,2018/11/15,2019/07/21,,,read,,,,1,0,Unknown
35712590,Cuccioli Magici. Mia la topolina,Lily Small,"Small, Lily",,"=""""","=""""",0.0,Newton Compton Editori,Kindle Edition,69.0,2013.0,2013.0,2018/05/21,2019/07/21,,,read,,,,1,0,Unknown
51208130,Panda,Meredith Costain,"Costain, Meredith",,"=""8836561772""","=""9788836561773""",0.0,Touring Junior,Board book,32.0,2013.0,2013.0,2015/02/01,2020/02/12,,,read,,,,1,0,Unknown
52528828,Winx Club. Guida al mondo magico,Iginio Straffi,"Straffi, Iginio",,"=""8804715820""","=""9788804715825""",5.0,Mondadori,Mass Market Paperback,134.0,2019.0,,2020/03/20,2020/03/20,,,read,Il primo libro che ho letto completamente da sola,,,1,0,Unknown
53248808,Filastrocche della buonanotte,Luciana Martini,"Martini, Luciana",,"=""8809032616""","=""9788809032613""",0.0,Mondadori,Board book,,2003.0,,2015/11/01,2020/04/23,,,read,,,,1,0,Unknown
52620512,"Primula, la fata gialla (Rainbow Magic, #3)",Daisy Meadows,"Meadows, Daisy",C. Conti,"=""8804546921""","=""9788804546924""",0.0,Mondadori,Mass Market Paperback,66.0,2005.0,2003.0,2019/07/27,2019/07/29,,,read,,,,1,0,Unknown
52344874,"Susanna, La Fata dei Dolci (Rainbow Magic, #18; Party Fairies, #4)",Daisy Meadows,"Meadows, Daisy",C. Conti,"=""8804557508""","=""9788804557500""",0.0,Mondadori,Paperback,65.0,2006.0,2005.0,2019/08/12,2019/08/23,,,read,,,,1,0,Unknown
52344799,"Marilena, La Fata della Musica (Rainbow Magic, #16; Party Fairies, #2)",Daisy Meadows,"Meadows, Daisy",C. Conti,"=""""","=""""",0.0,Mondadori,Unknown Binding,,2006.0,2005.0,2019/08/11,2019/08/23,,,read,,,,1,0,Unknown
52344728,"Giada, La Fata Verde (Rainbow Magic, #4)",Daisy Meadows,"Meadows, Daisy",C. Conti,"=""8804548096""","=""9788804548096""",0.0,Mondadori,Mass Market Paperback,65.0,2005.0,2003.0,2019/08/07,2019/08/23,,,read,,,,1,0,Unknown
52039131,"Morena la Fata Viola (Rainbow Magic, #7)",Daisy Meadows,"Meadows, Daisy",C. Conti,"=""8804550562""","=""9788804550563""",0.0,Mondadori,Mass Market Paperback,68.0,2005.0,2003.0,2019/07/25,2019/07/26,,,read,,,,1,0,Unknown
49885520,Io non ho paura,Dan Crisp,"Crisp, Dan",Lee Wildish,"=""8851133913""","=""9788851133917""",0.0,De Agostini,Paperback,32.0,2015.0,2013.0,2016/09/25,2020/02/22,,,read,,,,1,0,Unknown
36096117,Ruby Ricciomanto e la magica danza,Daisy Meadows,"Meadows, Daisy",,"=""""","=""""",0.0,Salani Editore,Kindle Edition,67.0,2017.0,2015.0,2018/11/10,2019/07/21,,,read,,,,1,0,Unknown
35504386,Bella Zampatigre è nei guai,Daisy Meadows,"Meadows, Daisy",,"=""8893812983""","=""9788893812986""",0.0,Salani Editore,Kindle Edition,62.0,2017.0,2014.0,2018/10/05,2019/07/21,,,read,,,,1,0,Unknown
36069749,Emily Pungidorso ha un'idea geniale,Daisy Meadows,"Meadows, Daisy",,"=""8893813580""","=""9788893813587""",0.0,Salani Editore,Kindle Edition,68.0,2017.0,2015.0,2018/10/27,2019/07/21,,,read,,,,1,0,Unknown
50248597,Il mio primo libro degli Orsetti,Parragon Books,"Books, Parragon",,"=""888058846X""","=""9788880588467""",0.0,Gribaudo,Hardcover,48.0,2005.0,,2016/09/01,2020/01/02,,,read,,,,1,0,Unknown
50248479,Serafino il Delfino,Unknown .,"., Unknown",,"=""""","=""""",0.0,Euro Publishing,Hardcover,16.0,2017.0,,2019/05/01,2020/01/02,,,read,,,,1,0,Unknown
33120624,Carezzalibri Usborne: Dov'e Il Mio Trattore,Rachel Wells,"Wells, Rachel",,"=""1409542459""","=""9781409542452""",0.0,Usborne Publishing Ltd,Board Book,,2015.0,,2015/02/01,2020/01/02,,,read,,,,1,0,Unknown
50003446,"Gaia la fata degli addobbi (Rainbow Magic, #17; Party Fairies, #3)",Daisy Meadows,"Meadows, Daisy",C. Conti,"=""8804554576""","=""9788804554578""",0.0,Mondadori,Mass Market Paperback,65.0,2006.0,2005.0,2019/07/31,2019/08/01,,,read,,,,1,0,Unknown
49902565,È tempo di mele e altre storie,Various,"Various, Various",Elisa Finocchiaro,"=""8866349178""","=""9788866349174""",0.0,Edizioni BD,Paperback,63.0,2014.0,,2018/07/24,2019/07/21,,,read,,,,1,0,Unknown
30329722,La Carica dei 101. I Librottini (Italian Edition),Walt Disney Company,"Company, Walt Disney",,"=""8852226257""","=""9788852226250""",0.0,Giunti (autore Disney),Kindle Edition,14.0,2016.0,,2015/10/01,2019/11/16,,,read,,,,1,0,Unknown
48549330,Il Natale di Micia,Matthew Sturgis,"Sturgis, Matthew",,"=""8817240133""","=""9788817240130""",0.0,Rizzoli,Hardcover,24.0,1990.0,1989.0,2015/05/01,2019/10/21,,,read,,,,1,0,Unknown
43234708,Minienciclopedia degli animali,Anne Möller,"Möller, Anne",,"=""8868901374""","=""9788868901370""",0.0,La Coccinella,Hardcover,24.0,2014.0,2014.0,2016/09/01,2019/08/31,,,read,,,,1,0,Unknown
7825299,Marina la Fata Blu,Daisy Meadows,"Meadows, Daisy",Georgie Ripper,"=""880454810X""","=""9788804548102""",0.0,,Paperback,80.0,,2003.0,2019/08/10,2019/08/23,,,read,,,,1,0,Unknown
25451815,Piccole Principesse. La stella della regina (Italian Edition),Bianca Belardinelli,"Belardinelli, Bianca",G. Mazali,"=""8809756452""","=""9788809756458""",0.0,Giunti Kids,Kindle Edition,53.0,2013.0,2010.0,2019/08/05,2019/08/05,,,read,,,,1,0,Unknown
14313690,Cloud Island (Secret Kingdom #3),Rosie Banks,"Banks, Rosie",,"=""1408308835""","=""9781408308837""",0.0,Orchard (NY),Perfect Paperback,128.0,2011.0,,2019/03/28,2019/07/21,,,read,,,,1,0,Unknown
19317579,Il Palazzo Incantato (Il Regno Segreto #1),Rosie Banks,"Banks, Rosie",,"=""8854158771""","=""""",0.0,Newton Compton Editori,Kindle Edition,100.0,2013.0,2012.0,2019/03/19,2019/07/21,,,read,,,,1,0,Unknown
40732859,Magica buonanotte. My Little Pony.,Michael Vogel,"Vogel, Michael",L. Rapelli,"=""8858015576""","=""9788858015575""",0.0,Gribaudo,Hardcover,36.0,2016.0,2016.0,2018/08/12,2019/07/21,,,read,,,,1,0,Unknown
40542429,Animali nel mondo,Anastasia Zanoncelli,"Zanoncelli, Anastasia",,"=""""","=""""",0.0,Edizioni del Baldo,Paperback,160.0,2017.0,,2017/06/20,2019/07/21,,,read,,,,1,0,Unknown
44653891,Filastrocche scacciapaura,Maria Loretta Giraldo,"Giraldo, Maria Loretta",,"=""8809046218""","=""9788809046214""",0.0,Giunti Editore,Hardcover,64.0,2006.0,,2015/10/01,2019/07/21,,,read,,,,1,0,Unknown
40732881,Le più belle storie di My little pony,Various,"Various, Various",,"=""8858016106""","=""9788858016107""",0.0,Gribaudo,Paperback,159.0,2016.0,,2019/03/29,2019/07/21,,,read,,,,1,0,Unknown
45713788,Una prova di coraggio. My Little Pony. Ediz. illustrata,Various,"Various, Various",,"=""885801636X""","=""9788858016367""",0.0,Gribaudo,Hardcover,75.0,2016.0,,2019/05/11,2019/07/21,,,read,,,,1,0,Unknown
